2022-34-001,2022,34,1,人間の尊厳と自立,著書『ケアの本質−生きることの意味』の中で，「一人の人格をケアするとは，最も深い意味で，その人が成長すること，自己実現することをたすけることである」と述べた人物として，正しいものを1つ選びなさい。,神谷美恵子,糸賀一雄,"フローレンス・ナイチンゲール（Nightingale, F.）","ミルトン・メイヤロフ（Mayeroff, M.）","ベンクト・ニィリエ（Nirje, B.）",4,,公益財団法人 社会福祉振興・試験センター 第34回（令和3年度）介護福祉士国家試験; 問題: https://drive.google.com/file/d/19u-KY0W0vdr8v-XjaISklvRwSv66XrdR/view; 正答: https://www.mhlw.go.jp/content/12004000/000917101.pdf,,true
2022-34-002,2022,34,2,人間の尊厳と自立,"Ａさん（80歳，女性，要介護1）は，筋力や理解力の低下がみられ，訪問介護（ホームヘルプサービス）を利用している。訪問介護員（ホームヘルパー）がいない時間帯は，同居している長男（53歳，無職）に頼って生活をしている。長男はＡさんの年金で生計を立てていて，ほとんど外出しないで家にいる。ある時，Ａさんは訪問介護員（ホームヘルパー）に，「長男は暴力がひどくてね。この間も殴られて，とても怖かった。長男には言わないでね。あとで何をされるかわからないから」と話した。訪問介護員（ホームヘルパー）は，Ａさんのからだに複数のあざがあることを確認した。
訪問介護員（ホームヘルパー）の対応に関する次の記述のうち，最も適切なものを1つ選びなさい。",長男の虐待を疑い，上司に報告し，市町村に通報する。,長男の仕事が見つかるようにハローワークを紹介する。,Ａさんの気持ちを大切にして何もしない。,すぐに長男を別室に呼び，事実を確認する。,長男の暴力に気づいたかを近所の人に確認する。,1,,公益財団法人 社会福祉振興・試験センター 第34回（令和3年度）介護福祉士国家試験; 問題: https://drive.google.com/file/d/19u-KY0W0vdr8v-XjaISklvRwSv66XrdR/view; 正答: https://www.mhlw.go.jp/content/12004000/000917101.pdf,,true
2022-34-003,2022,34,3,人間関係とコミュニケーション,"介護福祉職はＢさんから，「認知症（dementia）の母の介護がなぜかうまくいかない。深夜に徘徊するので，心身共に疲れてきた」と相談された。介護福祉職は，「落ち込んでいてはダメですよ。元気を出して頑張ってください」とＢさんに言った。後日，介護福祉職はＢさんに対する自身の発言を振り返り，不適切だったと反省した。
介護福祉職はＢさんに対してどのような返答をすればよかったのか，最も適切なものを1つ選びなさい。",「お母さんに施設へ入所してもらうことを検討してはどうですか」,「私も疲れているので，よくわかります」,「認知症（dementia）の方を介護しているご家族は，皆さん疲れていますよ」,「近所の人に助けてもらえるように，私から言っておきます」,「お母さんのために頑張ってきたんですね」,5,,公益財団法人 社会福祉振興・試験センター 第34回（令和3年度）介護福祉士国家試験; 問題: https://drive.google.com/file/d/19u-KY0W0vdr8v-XjaISklvRwSv66XrdR/view; 正答: https://www.mhlw.go.jp/content/12004000/000917101.pdf,,true
2022-34-004,2022,34,4,人間関係とコミュニケーション,利用者とのコミュニケーション場面で，介護福祉職が行う自己開示の目的として，最も適切なものを1つ選びなさい。,ジョハリの窓（Johari Window）の「開放された部分（open area）」を狭くするため,利用者との信頼関係を形成するために行う。,利用者が自分自身の情報を開示するために行う。,利用者との信頼関係を評価するために行う。,自己を深く分析し，客観的に理解するために行う。,2,,公益財団法人 社会福祉振興・試験センター 第34回（令和3年度）介護福祉士国家試験; 問題: https://drive.google.com/file/d/19u-KY0W0vdr8v-XjaISklvRwSv66XrdR/view; 正答: https://www.mhlw.go.jp/content/12004000/000917101.pdf,,true
2022-34-005,2022,34,5,社会の理解,2016年（平成28年）に閣議決定された，「ニッポン一億総活躍プラン」にある「地域共生社会の実現」に関する記述として，最も適切なものを1つ選びなさい。,日本型福祉社会の創造,我が事・丸ごとの地域づくり,健康で文化的な最低限度の生活の保障,社会保障と税の一体改革,皆保険・皆年金体制の実現,2,,公益財団法人 社会福祉振興・試験センター 第34回（令和3年度）介護福祉士国家試験; 問題: https://drive.google.com/file/d/19u-KY0W0vdr8v-XjaISklvRwSv66XrdR/view; 正答: https://www.mhlw.go.jp/content/12004000/000917101.pdf,,true
2022-34-006,2022,34,6,社会の理解,2019年（平成31年，令和元年）の日本の世帯に関する次の記述のうち，正しいものを1つ選びなさい。,平均世帯人員は，3人を超えている。,世帯数で最も多いのは，2人世帯である。,単独世帯で最も多いのは，高齢者の単独世帯である。,母子世帯数と父子世帯数を合算すると，高齢者世帯数を超える。,全国の世帯総数は，7千万を超えている。,2,,公益財団法人 社会福祉振興・試験センター 第34回（令和3年度）介護福祉士国家試験; 問題: https://drive.google.com/file/d/19u-KY0W0vdr8v-XjaISklvRwSv66XrdR/view; 正答: https://www.mhlw.go.jp/content/12004000/000917101.pdf,,true
2022-34-007,2022,34,7,社会の理解,"2015年（平成27年）以降の日本の社会福祉を取り巻く環境に関する次の記述のうち，適切なものを1つ選びなさい。
（注）ＯＥＣＤとは，経済協力開発機構（Organisation for Economic Co‑operation and Development）のことで，2020年（令和2年）現在38か国が加盟している。",人口は，増加傾向にある。,共働き世帯数は，減少傾向にある。,非正規雇用労働者数は，減少傾向にある。,高齢世代を支える現役世代（生産年齢人口）は，減少傾向にある。,日本の国民負担率は，ＯＥＣＤ加盟国の中では上位にある。,4,,公益財団法人 社会福祉振興・試験センター 第34回（令和3年度）介護福祉士国家試験; 問題: https://drive.google.com/file/d/19u-KY0W0vdr8v-XjaISklvRwSv66XrdR/view; 正答: https://www.mhlw.go.jp/content/12004000/000917101.pdf,,true
2022-34-008,2022,34,8,社会の理解,"次のうち，2020年（令和2年）の社会福祉法等の改正に関する記述として，最も適切なものを1つ選びなさい。
（注）2020年（令和2年）の社会福祉法等の改正とは，「地域共生社会の実現のための社会福祉法等の一部を改正する法律（令和2年法律第52号）」をいう。",市町村による地域福祉計画の策定,入所施設の重点的な拡充,医療・介護のデータ基盤の整備の推進,市町村直営の介護サービス事業の整備拡充,ロボット等の機械の活用から人によるケアへの転換,3,,公益財団法人 社会福祉振興・試験センター 第34回（令和3年度）介護福祉士国家試験; 問題: https://drive.google.com/file/d/19u-KY0W0vdr8v-XjaISklvRwSv66XrdR/view; 正答: https://www.mhlw.go.jp/content/12004000/000917101.pdf,,true
2022-34-009,2022,34,9,社会の理解,Ｃさん（78歳，男性，要支援1）は，公的年金（月額19万円）で公営住宅の,階で一人暮らしをしている。妻と死別後も通所型サービスを利用し，自炊を楽し,認知症対応型共同生活介護（認知症高齢者グループホーム）,介護付有料老人ホーム,軽費老人ホームＡ型,サービス付き高齢者向け住宅,4,,公益財団法人 社会福祉振興・試験センター 第34回（令和3年度）介護福祉士国家試験; 問題: https://drive.google.com/file/d/19u-KY0W0vdr8v-XjaISklvRwSv66XrdR/view; 正答: https://www.mhlw.go.jp/content/12004000/000917101.pdf,,true
2022-34-010,2022,34,10,社会の理解,介護保険制度の保険給付の財源構成として，適切なものを1つ選びなさい。,保険料,公費,公費，保険料，現役世代からの支援金,公費，第一号保険料,公費，第一号保険料，第二号保険料,5,,公益財団法人 社会福祉振興・試験センター 第34回（令和3年度）介護福祉士国家試験; 問題: https://drive.google.com/file/d/19u-KY0W0vdr8v-XjaISklvRwSv66XrdR/view; 正答: https://www.mhlw.go.jp/content/12004000/000917101.pdf,,true
2022-34-011,2022,34,11,社会の理解,「2016年（平成28年）生活のしづらさなどに関する調査（全国在宅障害児・者等実態調査）」（厚生労働省）における身体障害，知的障害，精神障害の近年の状況に関する次の記述のうち，正しいものを1つ選びなさい。,最も人数の多い障害は，知的障害である。,施設入所者の割合が最も高い障害は，身体障害である。,在宅の身体障害者のうち，65歳以上の割合は7割を超えている。,在宅の知的障害者の数は，減少傾向にある。,精神障害者の8割は，精神障害者保健福祉手帳を所持している。,3,,公益財団法人 社会福祉振興・試験センター 第34回（令和3年度）介護福祉士国家試験; 問題: https://drive.google.com/file/d/19u-KY0W0vdr8v-XjaISklvRwSv66XrdR/view; 正答: https://www.mhlw.go.jp/content/12004000/000917101.pdf,,true
2022-34-012,2022,34,12,社会の理解,"Ｅさん（30歳，女性，知的障害，障害支援区分2）は，現在，日中は特例子会社で働き，共同生活援助（グループホーム）で生活している。今後，一人暮らしをしたいと思っているが，初めてなので不安もある。
次のうち，Ｅさんが安心して一人暮らしをするために利用するサービスとして，適切なものを1つ選びなさい。",行動援護,同行援護,自立訓練（機能訓練）,自立生活援助,就労継続支援,4,,公益財団法人 社会福祉振興・試験センター 第34回（令和3年度）介護福祉士国家試験; 問題: https://drive.google.com/file/d/19u-KY0W0vdr8v-XjaISklvRwSv66XrdR/view; 正答: https://www.mhlw.go.jp/content/12004000/000917101.pdf,,true
2022-34-013,2022,34,13,社会の理解,重度訪問介護に関する次の記述のうち，適切なものを1つ選びなさい。,外出時における移動中の介護も含まれる。,知的障害者は対象にならない。,利用者が医療機関に入院した場合，医療機関で支援することはできない。,訪問看護の利用者は対象にならない。,障害が視覚障害のみの場合でも利用できる。,1,,公益財団法人 社会福祉振興・試験センター 第34回（令和3年度）介護福祉士国家試験; 問題: https://drive.google.com/file/d/19u-KY0W0vdr8v-XjaISklvRwSv66XrdR/view; 正答: https://www.mhlw.go.jp/content/12004000/000917101.pdf,,true
2022-34-014,2022,34,14,社会の理解,「成年後見関係事件の概況（令和2年1月〜12月）」（最高裁判所事務総局家庭局）における，成年後見人等として活動している人が最も多い職種として，正しいものを1つ選びなさい。,行政書士,司法書士,社会保険労務士,精神保健福祉士,税理士,2,,公益財団法人 社会福祉振興・試験センター 第34回（令和3年度）介護福祉士国家試験; 問題: https://drive.google.com/file/d/19u-KY0W0vdr8v-XjaISklvRwSv66XrdR/view; 正答: https://www.mhlw.go.jp/content/12004000/000917101.pdf,,true
2022-34-015,2022,34,15,社会の理解,保健所に関する次の記述のうち，正しいものを1つ選びなさい。,保健所の設置は，医療法によって定められている。,保健所は，全ての市町村に設置が義務づけられている。,保健所は，医療法人によって運営されている。,保健所の所長は，保健師でなければならない。,保健所は，結核（tuberculosis）などの感染症の予防や対策を行う。,5,,公益財団法人 社会福祉振興・試験センター 第34回（令和3年度）介護福祉士国家試験; 問題: https://drive.google.com/file/d/19u-KY0W0vdr8v-XjaISklvRwSv66XrdR/view; 正答: https://www.mhlw.go.jp/content/12004000/000917101.pdf,,true
2022-34-016,2022,34,16,社会の理解,生活保護制度に関する次の記述のうち，最も適切なものを1つ選びなさい。,生活保護の給付方法には，金銭給付と現物給付がある。,生活保護の申請は，民生委員が行う。,生活保護法は，日本国憲法第13条にある幸福追求権の実現を目的としている。,生活保護を担当する職員は，社会福祉士の資格が必要である。,生活保護の費用は，国が全額を負担する。,1,,公益財団法人 社会福祉振興・試験センター 第34回（令和3年度）介護福祉士国家試験; 問題: https://drive.google.com/file/d/19u-KY0W0vdr8v-XjaISklvRwSv66XrdR/view; 正答: https://www.mhlw.go.jp/content/12004000/000917101.pdf,,true
2022-34-017,2022,34,17,介護の基本,"Ｆさん（66歳，戸籍上の性別は男性，要介護3）は，性同一性障害であることを理由に施設利用を避けてきた。最近，数年前の脳卒中（stroke）の後遺症がひどくなり，一人暮らしが難しくなってきた。Ｆさんは，担当の訪問介護員（ホームヘルパー）に施設入所について，「性同一性障害でも施設に受け入れてもらえるでしょうか」と相談した。
訪問介護員（ホームヘルパー）の応答として，最も適切なものを1つ選びなさい。",「居室の表札は，通称名ではなく戸籍上の名前になります」,「多床室になる場合がありますよ」,「施設での生活で心配なことは何ですか」,「トイレや入浴については問題がありますね」,「同性による介護が原則です」,3,,公益財団法人 社会福祉振興・試験センター 第34回（令和3年度）介護福祉士国家試験; 問題: https://drive.google.com/file/d/19u-KY0W0vdr8v-XjaISklvRwSv66XrdR/view; 正答: https://www.mhlw.go.jp/content/12004000/000917101.pdf,,true
2022-34-018,2022,34,18,介護の基本,利用者主体の考えに基づいた介護福祉職の対応に関する次の記述のうち，最も適切なものを1つ選びなさい。,1人で衣服を選ぶことが難しい利用者には，毎日の衣服を自分で選べるような,食べこぼしが多い利用者には，こぼさないように全介助する。,認知症（dementia）の利用者には，排泄の感覚があっても，定時に排泄の介護を,転倒しやすい利用者には，事故防止のため立ち上がらないように声をかける。,入浴が自立している利用者も，危険を避けるため個別浴ではなく集団での入,1,,公益財団法人 社会福祉振興・試験センター 第34回（令和3年度）介護福祉士国家試験; 問題: https://drive.google.com/file/d/19u-KY0W0vdr8v-XjaISklvRwSv66XrdR/view; 正答: https://www.mhlw.go.jp/content/12004000/000917101.pdf,,true
2022-34-019,2022,34,19,介護の基本,利用者の自立支援に関する次の記述のうち，最も適切なものを1つ選びなさい。,利用者の最期の迎え方を決めるのは，家族である。,利用者が話しやすいように，愛称で呼ぶ。,利用者が自分でできないことは，できるまで見守る。,利用者の生活のスケジュールを決めるのは，介護福祉職である。,利用者の意見や希望を取り入れて介護を提供する。,5,,公益財団法人 社会福祉振興・試験センター 第34回（令和3年度）介護福祉士国家試験; 問題: https://drive.google.com/file/d/19u-KY0W0vdr8v-XjaISklvRwSv66XrdR/view; 正答: https://www.mhlw.go.jp/content/12004000/000917101.pdf,,true
2022-34-020,2022,34,20,介護の基本,"Ｇさん（70歳，男性，要介護2）は，パーキンソン病（Parkinson disease）と診断されていて，外出するときは車いすを使用している。歩行が不安定なため，週2回通所リハビリテーションを利用している。Ｇさんは，1年前に妻が亡くなり，息子と二人暮らしである。Ｇさんは社交的な性格で地域住民との交流を望んでいるが，自宅周辺は坂道や段差が多くて移動が難しく，交流ができていない。
Ｇさんの状況をＩＣＦ（International Classification of Functioning, Disability and Health：国際生活機能分類）で考えた場合，参加制約の原因になっている環境因子として，最も適切なものを1つ選びなさい。",パーキンソン病（Parkinson disease）,不安定な歩行,息子と二人暮らし,自宅周辺の坂道や段差,車いす,4,,公益財団法人 社会福祉振興・試験センター 第34回（令和3年度）介護福祉士国家試験; 問題: https://drive.google.com/file/d/19u-KY0W0vdr8v-XjaISklvRwSv66XrdR/view; 正答: https://www.mhlw.go.jp/content/12004000/000917101.pdf,,true
2022-34-021,2022,34,21,介護の基本,"Ｈさん（75歳，女性，要介護2）は，孫（17歳，男性，高校生）と自宅で二人暮らしをしている。Ｈさんは関節疾患（joint disease）があり，通所リハビリテーションの利用を開始した。介護福祉職が送迎時に孫から，「祖母は，日常生活が難しくなり，自分が食事を作るなどの機会が増え，家事や勉強への不安がある」と相談された。
介護福祉職の孫への対応として，最も適切なものを1つ選びなさい。",「今までお世話になったのですから，今度はＨさんを支えてください」,「家事が大変なら，Ｈさんに介護老人福祉施設の入所を勧めましょう」,「高校の先生や介護支援専門員（ケアマネジャー）に相談していきましょう」,「家でもリハビリテーションを一緒にしてください」,「近所の人に家事を手伝ってもらってください」,3,,公益財団法人 社会福祉振興・試験センター 第34回（令和3年度）介護福祉士国家試験; 問題: https://drive.google.com/file/d/19u-KY0W0vdr8v-XjaISklvRwSv66XrdR/view; 正答: https://www.mhlw.go.jp/content/12004000/000917101.pdf,,true
2022-34-022,2022,34,22,介護の基本,介護保険制度のサービス担当者会議に関する次の記述のうち，最も適切なものを1つ選びなさい。,会議の招集は介護支援専門員（ケアマネジャー）の職務である。,利用者の自宅で開催することが義務づけられている。,月1回以上の頻度で開催することが義務づけられている。,サービス提供者の実践力の向上を目的とする。,利用者の氏名は匿名化される。,1,,公益財団法人 社会福祉振興・試験センター 第34回（令和3年度）介護福祉士国家試験; 問題: https://drive.google.com/file/d/19u-KY0W0vdr8v-XjaISklvRwSv66XrdR/view; 正答: https://www.mhlw.go.jp/content/12004000/000917101.pdf,,true
2022-34-023,2022,34,23,介護の基本,社会資源に関する次の記述のうち，フォーマルサービスに該当するものとして，適切なものを1つ選びなさい。,一人暮らしの高齢者への見守りを行う地域住民,買物を手伝ってくれる家族,ゴミ拾いのボランティア活動を行う学生サークル,友人や知人と行う相互扶助の活動,介護の相談を受ける地域包括支援センター,5,,公益財団法人 社会福祉振興・試験センター 第34回（令和3年度）介護福祉士国家試験; 問題: https://drive.google.com/file/d/19u-KY0W0vdr8v-XjaISklvRwSv66XrdR/view; 正答: https://www.mhlw.go.jp/content/12004000/000917101.pdf,,true
2022-34-024,2022,34,24,介護の基本,介護福祉士の職業倫理に関する次の記述のうち，最も適切なものを1つ選びなさい。,介護が必要な人を対象にしているため，地域住民との連携は不要である。,全ての人々が質の高い介護を受けることができるように，後継者を育成する。,利用者のためによいと考えた介護を画一的に実践する。,利用者に関する情報は，業務以外では公表してよい。,利用者の価値観よりも，介護福祉士の価値観を優先する。,2,,公益財団法人 社会福祉振興・試験センター 第34回（令和3年度）介護福祉士国家試験; 問題: https://drive.google.com/file/d/19u-KY0W0vdr8v-XjaISklvRwSv66XrdR/view; 正答: https://www.mhlw.go.jp/content/12004000/000917101.pdf,,true
2022-34-025,2022,34,25,介護の基本,施設における利用者の個人情報の安全管理対策として，最も適切なものを1つ選びなさい。,介護福祉職が個人所有するスマートフォンの居室への持込みは制限しない。,不要な個人情報を破棄する場合は，万が一に備えて復元できるようにしておく。,利用者からの照会に速やかに応じるために，整理用のインデックス（index）は使,個人情報に関する苦情対応体制について，施設の掲示板等で利用者に周知徹底す,個人情報の盗難を防ぐために，職員の休憩室に監視カメラを設置する。,4,,公益財団法人 社会福祉振興・試験センター 第34回（令和3年度）介護福祉士国家試験; 問題: https://drive.google.com/file/d/19u-KY0W0vdr8v-XjaISklvRwSv66XrdR/view; 正答: https://www.mhlw.go.jp/content/12004000/000917101.pdf,,true
2022-34-026,2022,34,26,介護の基本,訪問介護員（ホームヘルパー）が，利用者や家族からハラスメント（harassment）を受けたときの対応に関する次の記述のうち，最も適切なものを1つ選びなさい。,利用者に後ろから急に抱きつかれたが，黙って耐えた。,利用者から暴力を受けたので，「やめてください」と伝え，上司に相談した。,利用者が繰り返す性的な話を，苦痛だが笑顔で聞いた。,家族から暴言を受けたが，担当なのでそのまま利用者宅に通った。,家族からサービス外のことを頼まれて，断ったら怒鳴られたので実施した。,2,,公益財団法人 社会福祉振興・試験センター 第34回（令和3年度）介護福祉士国家試験; 問題: https://drive.google.com/file/d/19u-KY0W0vdr8v-XjaISklvRwSv66XrdR/view; 正答: https://www.mhlw.go.jp/content/12004000/000917101.pdf,,true
2022-34-027,2022,34,27,コミュニケーション技術,介護福祉職が利用者とコミュニケーションをとるときの基本的な態度として，最も適切なものを1つ選びなさい。,上半身を少し利用者のほうへ傾けた姿勢で話を聞く。,利用者の正面に立って話し続ける。,腕を組んで話を聞く。,利用者の目を見つめ続ける。,緊張感が伝わるように，背筋を伸ばす。,1,,公益財団法人 社会福祉振興・試験センター 第34回（令和3年度）介護福祉士国家試験; 問題: https://drive.google.com/file/d/19u-KY0W0vdr8v-XjaISklvRwSv66XrdR/view; 正答: https://www.mhlw.go.jp/content/12004000/000917101.pdf,,true
2022-34-028,2022,34,28,コミュニケーション技術,介護福祉職によるアサーティブ・コミュニケーション（assertive communication）として，最も適切なものを1つ選びなさい。,利用者の要求は，何も言わずにそのまま受け入れる。,利用者から苦情を言われたときは，沈黙して我慢する。,利用者を説得して介護福祉職の都合に合わせてもらう。,介護福祉職の提案に従うことが利用者の利益になると伝える。,利用者の思いを尊重しながら，介護福祉職の意見を率直に伝える。,5,,公益財団法人 社会福祉振興・試験センター 第34回（令和3年度）介護福祉士国家試験; 問題: https://drive.google.com/file/d/19u-KY0W0vdr8v-XjaISklvRwSv66XrdR/view; 正答: https://www.mhlw.go.jp/content/12004000/000917101.pdf,,true
2022-34-029,2022,34,29,コミュニケーション技術,"次の事例を読んで，問題29，問題30について答えなさい。
〔事例〕
Ｊさん（75歳，男性）は先天性の全盲である。これまで自宅で自立した生活をしてきたが，最近，心身機能の衰えを感じて，有料老人ホームに入居した。施設での生活にまだ慣れていないので，移動は介護福祉職に誘導してもらっている。ある日，介護福祉職がＪさんを自室まで誘導したときに，「いつも手伝ってもらってすみません。なかなか場所を覚えられなくて。私はここでやっていけるでしょうか」と話してきた。
Ｊさんの発言への介護福祉職の共感的理解を示す対応として，最も適切なものを1つ選びなさい。",Ｊさんの発言にうなずく。,Ｊさんの発言のあと沈黙する。,Ｊさんの話の内容を短くまとめて伝える。,Ｊさんの立場に立って感情を推し測り，言葉で表現して伝える。,Ｊさんの気持ちが前向きになるように，励ましの言葉を伝える。,4,,公益財団法人 社会福祉振興・試験センター 第34回（令和3年度）介護福祉士国家試験; 問題: https://drive.google.com/file/d/19u-KY0W0vdr8v-XjaISklvRwSv66XrdR/view; 正答: https://www.mhlw.go.jp/content/12004000/000917101.pdf,,true
2022-34-030,2022,34,30,コミュニケーション技術,"次の事例を読んで，問題29，問題30について答えなさい。
〔事例〕
Ｊさん（75歳，男性）は先天性の全盲である。これまで自宅で自立した生活をしてきたが，最近，心身機能の衰えを感じて，有料老人ホームに入居した。施設での生活にまだ慣れていないので，移動は介護福祉職に誘導してもらっている。ある日，介護福祉職がＪさんを自室まで誘導したときに，「いつも手伝ってもらってすみません。なかなか場所を覚えられなくて。私はここでやっていけるでしょうか」と話してきた。
Ｊさんの不安な気持ちを軽くするための介護福祉職の対応として，最も適切なものを1つ選びなさい。",いきなり声をかけると驚くので，肩にふれてから挨拶をする。,誘導時の声かけは歩行の妨げになるので，最小限にする。,角を曲がるときには，「こちらに」と方向を伝える。,トイレや食堂などを，一緒に歩きながら確認する。,食堂の座席は，Ｊさんの好きなところに座るように伝える。,4,,公益財団法人 社会福祉振興・試験センター 第34回（令和3年度）介護福祉士国家試験; 問題: https://drive.google.com/file/d/19u-KY0W0vdr8v-XjaISklvRwSv66XrdR/view; 正答: https://www.mhlw.go.jp/content/12004000/000917101.pdf,,true
2022-34-031,2022,34,31,コミュニケーション技術,"次の事例を読んで，問題31，問題32について答えなさい。
〔事例〕
Ｋさん（83歳，女性，要介護3）は，10年前の脳出血（cerebral hemorrhage）による後遺症で高次脳機能障害（higher brain dysfunction）がある。感情のコントロールが難しく，興奮すると大声をあげて怒りだす。現在は，訪問介護（ホームヘルプサービス）を利用しながら，自宅で長男（60歳）と二人暮らしをしている。長男は，会社を3年前に早期退職し，Ｋさんの介護に専念してきた。顔色が悪く，介護による疲労を訴えているが，「介護を続けて，母を自宅で看取りたい」と強く希望している。別居している長女は，長男の様子を心配して，「母親の施設入所の手続きを進めたい」という意向を示している。
訪問介護員（ホームヘルパー）が，興奮しているときのＫさんとコミュニケーションをとるための方法として，最も適切なものを1つ選びなさい。",興奮している理由を詳しく聞く。,興奮することはよくないと説明する。,冷静になるように説得する。,事前に作成しておいた日課表に沿って活動してもらう。,場所を移動して話題を変える。,5,,公益財団法人 社会福祉振興・試験センター 第34回（令和3年度）介護福祉士国家試験; 問題: https://drive.google.com/file/d/19u-KY0W0vdr8v-XjaISklvRwSv66XrdR/view; 正答: https://www.mhlw.go.jp/content/12004000/000917101.pdf,,true
2022-34-032,2022,34,32,コミュニケーション技術,"次の事例を読んで，問題31，問題32について答えなさい。
〔事例〕
Ｋさん（83歳，女性，要介護3）は，10年前の脳出血（cerebral hemorrhage）による後遺症で高次脳機能障害（higher brain dysfunction）がある。感情のコントロールが難しく，興奮すると大声をあげて怒りだす。現在は，訪問介護（ホームヘルプサービス）を利用しながら，自宅で長男（60歳）と二人暮らしをしている。長男は，会社を3年前に早期退職し，Ｋさんの介護に専念してきた。顔色が悪く，介護による疲労を訴えているが，「介護を続けて，母を自宅で看取りたい」と強く希望している。別居している長女は，長男の様子を心配して，「母親の施設入所の手続きを進めたい」という意向を示している。
長男に対する訪問介護員（ホームヘルパー）の対応として，最も適切なものを1つ選びなさい。",長男自身の意向を変える必要はないと励ます。,Ｋさん本人の意向が不明なため，長男の希望は通らないと伝える。,これまでの介護をねぎらい，自宅での看取りを希望する理由を尋ねる。,自宅での生活を継続するのは限界だと説明する。,長女の言うように，施設入所の手続きを進めることが正しいと伝える。,3,,公益財団法人 社会福祉振興・試験センター 第34回（令和3年度）介護福祉士国家試験; 問題: https://drive.google.com/file/d/19u-KY0W0vdr8v-XjaISklvRwSv66XrdR/view; 正答: https://www.mhlw.go.jp/content/12004000/000917101.pdf,,true
2022-34-033,2022,34,33,コミュニケーション技術,利用者の家族から苦情があったときの上司への報告に関する次の記述のうち，最も適切なものを1つ選びなさい。,苦情の内容について，時間をかけて詳しく口頭で報告した。,すぐに口頭で概要を報告してから，文書を作成して報告した。,結論を伝えることを重視して，「いつもの苦情です」とすぐに報告した。,上司が忙しそうだったので，同僚に伝えた。,自分の気持ちが落ち着いてから，翌日に報告した。,2,,公益財団法人 社会福祉振興・試験センター 第34回（令和3年度）介護福祉士国家試験; 問題: https://drive.google.com/file/d/19u-KY0W0vdr8v-XjaISklvRwSv66XrdR/view; 正答: https://www.mhlw.go.jp/content/12004000/000917101.pdf,,true
2022-34-034,2022,34,34,コミュニケーション技術,利用者の自宅で行うケアカンファレンス（care conference）に関する次の記述のうち，最も適切なものを1つ選びなさい。,検討する内容は，インフォーマルなサポートに限定する。,介護福祉職の行った介護に対する批判を中心に進める。,利用者本人の参加を促し，利用者の意向をケア方針に反映させる。,意見が分かれたときは，多数決で決定する。,対立を避けるために，他の専門職の意見には反論しない。,3,,公益財団法人 社会福祉振興・試験センター 第34回（令和3年度）介護福祉士国家試験; 問題: https://drive.google.com/file/d/19u-KY0W0vdr8v-XjaISklvRwSv66XrdR/view; 正答: https://www.mhlw.go.jp/content/12004000/000917101.pdf,,true
2022-34-035,2022,34,35,生活支援技術,老化に伴う機能低下のある高齢者の住まいに関する次の記述のうち，最も適切なものを1つ選びなさい。,寝室はトイレに近い場所が望ましい。,寝室は玄関と別の階にする。,夜間の騒音レベルは80 dB 以下になるようにする。,ベッドは照明の真下に配置する。,壁紙と手すりは同色にするのが望ましい。,1,,公益財団法人 社会福祉振興・試験センター 第34回（令和3年度）介護福祉士国家試験; 問題: https://drive.google.com/file/d/19u-KY0W0vdr8v-XjaISklvRwSv66XrdR/view; 正答: https://www.mhlw.go.jp/content/12004000/000917101.pdf,,true
2022-34-036,2022,34,36,生活支援技術,"Ｌさん（25歳，男性）は，第7胸髄節（Th7）を損傷したが，現在，状態は安定していて，車いすを利用すれば1人で日常生活ができるようになった。図はＬさんの自宅の浴室であり，必要な手すりは既に設置されている。
Ｌさんが1人で浴槽に入るための福祉用具として，最も適切なものを1つ選びなさい。",段差解消機,ストレッチャー,すべり止めマット,四点歩行器,移乗台,5,,公益財団法人 社会福祉振興・試験センター 第34回（令和3年度）介護福祉士国家試験; 問題: https://drive.google.com/file/d/19u-KY0W0vdr8v-XjaISklvRwSv66XrdR/view; 正答: https://www.mhlw.go.jp/content/12004000/000917101.pdf,,true
2022-34-037,2022,34,37,生活支援技術,耳の清潔に関する介護福祉職の対応として，最も適切なものを1つ選びなさい。,耳垢の状態を観察した。,綿棒を外耳道の入口から3 cm 程度挿入した。,耳介を上前方に軽く引きながら，耳垢を除去した。,蒸しタオルで耳垢塞栓を柔らかくして除去した。,耳かきを使用して，耳垢を毎日除去した。,1,,公益財団法人 社会福祉振興・試験センター 第34回（令和3年度）介護福祉士国家試験; 問題: https://drive.google.com/file/d/19u-KY0W0vdr8v-XjaISklvRwSv66XrdR/view; 正答: https://www.mhlw.go.jp/content/12004000/000917101.pdf,,true
2022-34-038,2022,34,38,生活支援技術,歯ブラシを使用した口腔ケアに関する次の記述のうち，最も適切なものを1つ選びなさい。,歯ブラシの毛は硬いものを勧める。,強い力で磨く。,歯と歯肉の境目のブラッシングは避ける。,歯ブラシを小刻みに動かしながら磨く。,使用後の歯ブラシは，柄の部分を上にしてコップに入れて保管する。,4,,公益財団法人 社会福祉振興・試験センター 第34回（令和3年度）介護福祉士国家試験; 問題: https://drive.google.com/file/d/19u-KY0W0vdr8v-XjaISklvRwSv66XrdR/view; 正答: https://www.mhlw.go.jp/content/12004000/000917101.pdf,,true
2022-34-039,2022,34,39,生活支援技術,"Ｍさん（84歳，男性）は，10年前に脳梗塞（cerebral infarction）で右片麻痺になり，右上肢の屈曲拘縮がある。今までは自分で洋服を着ていたが，1週間ほど前から左肩関節の周囲に軽い痛みを感じるようになり，上着の着脱の介護が必要になった。
Ｍさんへの上着の着脱の介護に関する次の記述のうち，最も適切なものを1つ選びなさい。",服を脱ぐときは，右上肢から脱ぐ。,右手首に袖を通すときは，介護福祉職の指先に力を入れて手首をつかむ。,右肘関節を伸展するときは，素早く動かす。,右肘に袖を通すときは，前腕を下から支える。,衣類を準備するときは，かぶり式のものを選択する。,4,,公益財団法人 社会福祉振興・試験センター 第34回（令和3年度）介護福祉士国家試験; 問題: https://drive.google.com/file/d/19u-KY0W0vdr8v-XjaISklvRwSv66XrdR/view; 正答: https://www.mhlw.go.jp/content/12004000/000917101.pdf,,true
2022-34-040,2022,34,40,生活支援技術,経管栄養を行っている利用者への口腔ケアに関する次の記述のうち，最も適切なものを1つ選びなさい。,スポンジブラシは水を大量に含ませて使用する。,上顎部は，口腔の奥から手前に向かって清拭する。,栄養剤注入後すぐに実施する。,口腔内を乾燥させて終了する。,空腹時の口腔ケアは避ける。,2,,公益財団法人 社会福祉振興・試験センター 第34回（令和3年度）介護福祉士国家試験; 問題: https://drive.google.com/file/d/19u-KY0W0vdr8v-XjaISklvRwSv66XrdR/view; 正答: https://www.mhlw.go.jp/content/12004000/000917101.pdf,,true
2022-34-041,2022,34,41,生活支援技術,スライディングボードを用いた，ベッドから車いすへの移乗の介護に関する次の記述のうち，最も適切なものを1つ選びなさい。,アームサポートが固定された車いすを準備する。,ベッドから車いすへの移乗時には，ベッドを車いすの座面より少し高くする。,ベッドと車いすの間を大きくあけ，スライディングボードを設置する。,スライディングボード上では，臀部を素早く移動させる。,車いすに座位を安定させ，からだを傾けずにスライディングボードを抜く。,2,,公益財団法人 社会福祉振興・試験センター 第34回（令和3年度）介護福祉士国家試験; 問題: https://drive.google.com/file/d/19u-KY0W0vdr8v-XjaISklvRwSv66XrdR/view; 正答: https://www.mhlw.go.jp/content/12004000/000917101.pdf,,true
2022-34-042,2022,34,42,生活支援技術,利用者を仰臥位（背臥位）から側臥位へ体位変換するとき，トルクの原理を応用した介護方法として，最も適切なものを1つ選びなさい。,利用者とベッドの接地面を広くする。,利用者の下肢を交差させる。,利用者の膝を立てる。,滑りやすいシートを利用者の下に敷く。,利用者に近づく。,3,,公益財団法人 社会福祉振興・試験センター 第34回（令和3年度）介護福祉士国家試験; 問題: https://drive.google.com/file/d/19u-KY0W0vdr8v-XjaISklvRwSv66XrdR/view; 正答: https://www.mhlw.go.jp/content/12004000/000917101.pdf,,true
2022-34-043,2022,34,43,生活支援技術,視覚障害のある利用者の外出に同行するときの支援に関する次の記述のうち，最も適切なものを1つ選びなさい。,トイレを使用するときは，トイレ内の情報を提供する。,階段を上るときは，利用者の手首を握って誘導する。,狭い場所を歩くときは，利用者の後ろに立って誘導する。,タクシーに乗るときは，支援者が先に乗って誘導する。,駅ではエレベーターよりエスカレーターの使用を勧める。,1,,公益財団法人 社会福祉振興・試験センター 第34回（令和3年度）介護福祉士国家試験; 問題: https://drive.google.com/file/d/19u-KY0W0vdr8v-XjaISklvRwSv66XrdR/view; 正答: https://www.mhlw.go.jp/content/12004000/000917101.pdf,,true
2022-34-044,2022,34,44,生活支援技術,"Ａさん（78歳，男性，要介護2）は，脳梗塞（cerebral infarction）の後遺症で嚥下障害がある。自宅で妻と二人暮らしで，訪問介護（ホームヘルプサービス）を週1回利用している。訪問時，妻から，「飲み込みの難しいときがある。上手に食べさせるにはどうしたらよいか」と相談があった。
訪問介護員（ホームヘルパー）の助言として，最も適切なものを1つ選びなさい。",食事のときは，いすに浅く座るように勧める。,会話をしながら食事をするように勧める。,食事の後に嚥下体操をするように勧める。,肉，野菜，魚などは軟らかく調理するように勧める。,おかずを細かく刻むように勧める。,4,,公益財団法人 社会福祉振興・試験センター 第34回（令和3年度）介護福祉士国家試験; 問題: https://drive.google.com/file/d/19u-KY0W0vdr8v-XjaISklvRwSv66XrdR/view; 正答: https://www.mhlw.go.jp/content/12004000/000917101.pdf,,true
2022-34-045,2022,34,45,生活支援技術,慢性腎不全（chronic renal failure）の利用者の食材や調理方法として，最も適切なものを1つ選びなさい。,エネルギーの高い植物油を控える。,レモンや香辛料を利用し，塩分を控えた味付けにする。,肉や魚を多めにする。,砂糖を控えた味付けにする。,野菜は生でサラダにする。,2,,公益財団法人 社会福祉振興・試験センター 第34回（令和3年度）介護福祉士国家試験; 問題: https://drive.google.com/file/d/19u-KY0W0vdr8v-XjaISklvRwSv66XrdR/view; 正答: https://www.mhlw.go.jp/content/12004000/000917101.pdf,,true
2022-34-046,2022,34,46,生活支援技術,利用者の食事支援に関して，介護福祉職が連携する職種として，最も適切なものを1つ選びなさい。,スプーンや箸がうまく使えないときは，食事動作の訓練を言語聴覚士に依頼する。,咀嚼障害があるときは，義歯の調整を作業療法士に依頼する。,座位の保持が困難なときは，体幹訓練を理学療法士に依頼する。,摂食・嚥下障害があるときは，嚥下訓練を義肢装具士に依頼する。,食べ残しが目立つときは，献立や調理方法の変更を社会福祉士に依頼する。,3,,公益財団法人 社会福祉振興・試験センター 第34回（令和3年度）介護福祉士国家試験; 問題: https://drive.google.com/file/d/19u-KY0W0vdr8v-XjaISklvRwSv66XrdR/view; 正答: https://www.mhlw.go.jp/content/12004000/000917101.pdf,,true
2022-34-047,2022,34,47,生活支援技術,入浴の介護に関する次の記述のうち，最も適切なものを1つ選びなさい。,着替えの衣服は，介護福祉職が選択する。,空腹時の入浴は控える。,入浴前の水分摂取は控える。,食後1時間以内に入浴する。,入浴直前の浴槽の湯は，45℃で保温する。,2,,公益財団法人 社会福祉振興・試験センター 第34回（令和3年度）介護福祉士国家試験; 問題: https://drive.google.com/file/d/19u-KY0W0vdr8v-XjaISklvRwSv66XrdR/view; 正答: https://www.mhlw.go.jp/content/12004000/000917101.pdf,,true
2022-34-048,2022,34,48,生活支援技術,シャワー浴の介護に関する次の記述のうち，最も適切なものを1つ選びなさい。,シャワーの湯温は，介護福祉職よりも先に利用者が確認する。,からだ全体にシャワーをかけるときは，上肢から先に行う。,利用者が寒さを訴えたときは，熱いシャワーをかける。,利用者が陰部を洗うときは，介護福祉職は背部に立って見守る。,脱衣室に移動してから，からだの水分を拭きとる。,4,,公益財団法人 社会福祉振興・試験センター 第34回（令和3年度）介護福祉士国家試験; 問題: https://drive.google.com/file/d/19u-KY0W0vdr8v-XjaISklvRwSv66XrdR/view; 正答: https://www.mhlw.go.jp/content/12004000/000917101.pdf,,true
2022-34-049,2022,34,49,生活支援技術,左片麻痺のある利用者が，浴槽内から一部介助で立ち上がる方法として，最も適切なものを1つ選びなさい。,利用者の左膝を立てて，左の踵を臀部に引き寄せてもらう。,浴槽の底面に両手を置いてもらう。,右手で手すりをつかんで前傾姿勢をとり，臀部を浮かしてもらう。,利用者の両腋窩に手を入れて支える。,素早く立ち上がるように促す。,3,,公益財団法人 社会福祉振興・試験センター 第34回（令和3年度）介護福祉士国家試験; 問題: https://drive.google.com/file/d/19u-KY0W0vdr8v-XjaISklvRwSv66XrdR/view; 正答: https://www.mhlw.go.jp/content/12004000/000917101.pdf,,true
2022-34-050,2022,34,50,生活支援技術,入浴関連用具の使用方法に関する次の記述のうち，最も適切なものを1つ選びなさい。,シャワー用車いすは，段差に注意して移動する。,入浴の移乗台は，浴槽よりも高く設定する。,浴槽設置式リフトは，臥位の状態で使用する。,入浴用介助ベルトは，利用者の胸部に装着する。,ストレッチャーで機械浴槽に入るときは，ストレッチャーのベルトを外す。,1,,公益財団法人 社会福祉振興・試験センター 第34回（令和3年度）介護福祉士国家試験; 問題: https://drive.google.com/file/d/19u-KY0W0vdr8v-XjaISklvRwSv66XrdR/view; 正答: https://www.mhlw.go.jp/content/12004000/000917101.pdf,,true
2022-34-051,2022,34,51,生活支援技術,便秘の傾向がある高齢者に自然排便を促すための介護として，最も適切なものを1つ選びなさい。,朝食を抜くように勧める。,油を控えるように勧める。,散歩をするように勧める。,腰部を冷やすように勧める。,就寝前にトイレに座るように勧める。,3,,公益財団法人 社会福祉振興・試験センター 第34回（令和3年度）介護福祉士国家試験; 問題: https://drive.google.com/file/d/19u-KY0W0vdr8v-XjaISklvRwSv66XrdR/view; 正答: https://www.mhlw.go.jp/content/12004000/000917101.pdf,,true
2022-34-052,2022,34,52,生活支援技術,認知機能の低下による機能性尿失禁で，夜間，トイレではない場所で排尿してしまう利用者への対応として，最も適切なものを1つ選びなさい。,日中，足上げ運動をする。,ズボンのゴムひもを緩いものに変える。,膀胱訓練を行う。,排泄してしまう場所に入れないようにする。,トイレの照明をつけて，ドアを開けておく。,5,,公益財団法人 社会福祉振興・試験センター 第34回（令和3年度）介護福祉士国家試験; 問題: https://drive.google.com/file/d/19u-KY0W0vdr8v-XjaISklvRwSv66XrdR/view; 正答: https://www.mhlw.go.jp/content/12004000/000917101.pdf,,true
2022-34-053,2022,34,53,生活支援技術,次の記述のうち，排泄物で汚れた衣類をタンスに隠してしまう認知症（dementia）の利用者への対応として，最も適切なものを1つ選びなさい。,タンスの中に汚れた衣類を入れられる場所を確保する。,「汚れた衣類は入れないように」とタンスに貼紙をする。,トイレに行くときには，同行して近くで監視する。,つなぎ服を勧める。,隠すところを見たら，毎回注意する。,1,,公益財団法人 社会福祉振興・試験センター 第34回（令和3年度）介護福祉士国家試験; 問題: https://drive.google.com/file/d/19u-KY0W0vdr8v-XjaISklvRwSv66XrdR/view; 正答: https://www.mhlw.go.jp/content/12004000/000917101.pdf,,true
2022-34-054,2022,34,54,生活支援技術,次亜塩素酸ナトリウムを主成分とする衣類用漂白剤に関する次の記述のうち，最も適切なものを1つ選びなさい。,全ての白物の漂白に使用できる。,色柄物の漂白に適している。,熱湯で薄めて用いる。,手指の消毒に適している。,衣類の除菌効果がある。,5,,公益財団法人 社会福祉振興・試験センター 第34回（令和3年度）介護福祉士国家試験; 問題: https://drive.google.com/file/d/19u-KY0W0vdr8v-XjaISklvRwSv66XrdR/view; 正答: https://www.mhlw.go.jp/content/12004000/000917101.pdf,,true
2022-34-055,2022,34,55,生活支援技術,次の記述のうち，ズボンの裾上げの縫い目が表から目立たない手縫いの方法として，最も適切なものを1つ選びなさい。,なみ縫い,半返し縫い,本返し縫い,コの字縫い（コの字とじ）,まつり縫い,5,,公益財団法人 社会福祉振興・試験センター 第34回（令和3年度）介護福祉士国家試験; 問題: https://drive.google.com/file/d/19u-KY0W0vdr8v-XjaISklvRwSv66XrdR/view; 正答: https://www.mhlw.go.jp/content/12004000/000917101.pdf,,true
2022-34-056,2022,34,56,生活支援技術,心地よい睡眠環境を整備するためのベッドメイキングに関する次の記述のうち，最も適切なものを1つ選びなさい。,シーツを外すときは，汚れた面を外側に丸めながら外す。,しわを作らないために，シーツの角を対角線の方向に伸ばして整える。,袋状の枕カバーの端を入れ込んで使用するときは，布の折り込み側が上にな,掛け毛布はゆるみを作らずにシーツの足元に押し込む。,動かしたベッド上の利用者の物品は，使いやすいように位置を変えておく。,2,,公益財団法人 社会福祉振興・試験センター 第34回（令和3年度）介護福祉士国家試験; 問題: https://drive.google.com/file/d/19u-KY0W0vdr8v-XjaISklvRwSv66XrdR/view; 正答: https://www.mhlw.go.jp/content/12004000/000917101.pdf,,true
2022-34-057,2022,34,57,生活支援技術,夜勤のある施設職員が良質な睡眠をとるための生活習慣に関する次の記述のうち，最も適切なものを1つ選びなさい。,夜勤に入る前には仮眠をとらない。,寝る前にスマートフォンでメールをチェックする。,朝食と夕食の開始時間を日によって変える。,夜勤後の帰宅時にはサングラス（sunglasses）をかけるなど，日光を避けるように,休日に寝だめをする。,4,,公益財団法人 社会福祉振興・試験センター 第34回（令和3年度）介護福祉士国家試験; 問題: https://drive.google.com/file/d/19u-KY0W0vdr8v-XjaISklvRwSv66XrdR/view; 正答: https://www.mhlw.go.jp/content/12004000/000917101.pdf,,true
2022-34-058,2022,34,58,生活支援技術,"Ｂさん（102歳，女性）は，介護老人福祉施設に入所している。高齢による身体機能の衰えがあり，機能低下の状態が長く続いていた。1週間前から経口摂取が困難になった。1日の大半は目を閉じ，臥床状態が続いている。医師から，「老衰により死期が近い」と診断され，家族は施設で看取りたいと希望している。
死が極めて近い状態にあるＢさんの看取りに必要な情報として，最も適切なものを1つ選びなさい。",体重の減少,夜間の睡眠時間,延命治療の意思,嚥下可能な食形態,呼吸の状態,5,,公益財団法人 社会福祉振興・試験センター 第34回（令和3年度）介護福祉士国家試験; 問題: https://drive.google.com/file/d/19u-KY0W0vdr8v-XjaISklvRwSv66XrdR/view; 正答: https://www.mhlw.go.jp/content/12004000/000917101.pdf,,true
2022-34-059,2022,34,59,生活支援技術,介護老人福祉施設における終末期の利用者の家族支援に関する次の記述のうち，最も適切なものを1つ選びなさい。,緊急連絡先を1つにすることを提案する。,面会を控えるように伝える。,死に至る過程で生じる身体的変化を説明する。,死後の衣服は浴衣がよいと提案する。,亡くなる瞬間に立ち会うことが一番重要だと伝える。,3,,公益財団法人 社会福祉振興・試験センター 第34回（令和3年度）介護福祉士国家試験; 問題: https://drive.google.com/file/d/19u-KY0W0vdr8v-XjaISklvRwSv66XrdR/view; 正答: https://www.mhlw.go.jp/content/12004000/000917101.pdf,,true
2022-34-060,2022,34,60,生活支援技術,死亡後の介護に関する次の記述のうち，最も適切なものを1つ選びなさい。,死後硬直がみられてから実施する。,生前と同じように利用者に声をかけながら介護を行う。,義歯を外す。,髭剃り後はクリーム塗布を控える。,両手を組むために手首を包帯でしばる。,2,,公益財団法人 社会福祉振興・試験センター 第34回（令和3年度）介護福祉士国家試験; 問題: https://drive.google.com/file/d/19u-KY0W0vdr8v-XjaISklvRwSv66XrdR/view; 正答: https://www.mhlw.go.jp/content/12004000/000917101.pdf,,true
2022-34-061,2022,34,61,介護過程,介護福祉職が介護過程を展開する意義に関する次の記述のうち，最も適切なものを1つ選びなさい。,チームアプローチ（team approach）による介護を提供することができる。,直感的な判断をもとに介護を考えることができる。,今までの生活から切り離した介護を提供する。,介護福祉職が生活を管理するための介護を考えることができる。,介護福祉職が実施したい介護を提供する。,1,,公益財団法人 社会福祉振興・試験センター 第34回（令和3年度）介護福祉士国家試験; 問題: https://drive.google.com/file/d/19u-KY0W0vdr8v-XjaISklvRwSv66XrdR/view; 正答: https://www.mhlw.go.jp/content/12004000/000917101.pdf,,true
2022-34-062,2022,34,62,介護過程,介護過程における情報収集に関する次の記述のうち，最も適切なものを1つ選びなさい。,利用者の日常生活の困難な部分を中心に収集する。,利用者との会話は解釈して記載する。,他の専門職が記載した記録は直接的な情報として扱う。,利用者の生活に対する思いを大切にしながら収集する。,情報収集はモニタリング（monitoring）を実施してから行う。,4,,公益財団法人 社会福祉振興・試験センター 第34回（令和3年度）介護福祉士国家試験; 問題: https://drive.google.com/file/d/19u-KY0W0vdr8v-XjaISklvRwSv66XrdR/view; 正答: https://www.mhlw.go.jp/content/12004000/000917101.pdf,,true
2022-34-063,2022,34,63,介護過程,介護過程における生活課題に関する次の記述のうち，最も適切なものを1つ選びなさい。,効率的な支援を提供するために解決するべきこと。,利用者が家族の望む生活を送るために解決するべきこと。,介護福祉職が実践困難な課題のこと。,利用者の生活を改善するために思いついたこと。,利用者が望む生活を実現するために解決するべきこと。,5,,公益財団法人 社会福祉振興・試験センター 第34回（令和3年度）介護福祉士国家試験; 問題: https://drive.google.com/file/d/19u-KY0W0vdr8v-XjaISklvRwSv66XrdR/view; 正答: https://www.mhlw.go.jp/content/12004000/000917101.pdf,,true
2022-34-064,2022,34,64,介護過程,介護過程における目標の設定に関する次の記述のうち，適切なものを1つ選びなさい。,長期目標の期間は，1か月程度に設定する。,長期目標は，短期目標ごとに設定する。,短期目標は，生活全般の課題が解決した状態を表現する。,短期目標は，抽象的な内容で表現する。,短期目標は，長期目標の達成につながるように設定する。,5,,公益財団法人 社会福祉振興・試験センター 第34回（令和3年度）介護福祉士国家試験; 問題: https://drive.google.com/file/d/19u-KY0W0vdr8v-XjaISklvRwSv66XrdR/view; 正答: https://www.mhlw.go.jp/content/12004000/000917101.pdf,,true
2022-34-065,2022,34,65,介護過程,介護計画における介護内容に関する次の記述のうち，最も適切なものを1つ選びなさい。,利用者の能力よりも介護の効率を重視して決める。,業務の都合に応じて介護できるように，時間の設定は省略する。,介護するときの注意点についても記載する。,利用者の意思よりも介護福祉職の考えを優先して決める。,介護福祉職だけが理解できる表現にする。,3,,公益財団法人 社会福祉振興・試験センター 第34回（令和3年度）介護福祉士国家試験; 問題: https://drive.google.com/file/d/19u-KY0W0vdr8v-XjaISklvRwSv66XrdR/view; 正答: https://www.mhlw.go.jp/content/12004000/000917101.pdf,,true
2022-34-066,2022,34,66,介護過程,"Ｃさん（84歳，女性，要介護3）は，2か月前に自宅で倒れた。脳出血（cerebral hemorrhage）と診断され，後遺症で左片麻痺になった。Ｃさんは自宅での生活を希望している。長男からは，「トイレが自分でできるようになってから自宅に戻ってほしい」との要望があった。そのため，病院から，リハビリテーションを目的に介護老人保健施設に入所した。入所時，Ｃさんは，「孫と一緒に過ごしたいから，リハビリテーションを頑張りたい」と笑顔で話した。Ｃさんは，自力での歩行は困難だが，施設内では健側を使って車いすで移動することができる。また，手すりにつかまれば自分で立ち上がれるが，上半身が後ろに傾くため，移乗には介護が必要な状態である。
入所時に介護福祉職が行うアセスメント（assessment）に関する次の記述のうち，最も優先すべきものを1つ選びなさい。",自力で歩行ができるのかを確認する。,排泄に関連した動作について確認する。,孫と面会する頻度について希望を聞く。,リクライニング車いすの活用について尋ねる。,住宅改修に必要な資金があるのかを確認する。,2,,公益財団法人 社会福祉振興・試験センター 第34回（令和3年度）介護福祉士国家試験; 問題: https://drive.google.com/file/d/19u-KY0W0vdr8v-XjaISklvRwSv66XrdR/view; 正答: https://www.mhlw.go.jp/content/12004000/000917101.pdf,,true
2022-34-067,2022,34,67,介護過程,"次の事例を読んで，問題67，問題68について答えなさい。
〔事例〕
Ｄさん（73歳，女性，要介護2）は，認知症対応型共同生活介護（認知症高齢者グループホーム）に入居した。入居後，本人の同意のもとに短期目標を，「食事の準備に参加する」と設定し，順調に経過していた。ある日，Ｄさんが夕食の準備に来なかった。翌日，担当する介護福祉職が居室を訪ねて理由を聞くと，「盛り付けの見た目が・・・」と小声で言った。当日のＤさんの記録を見ると，「お茶を配ると席に座ったが，すぐに立ち上がり，料理を皿に盛り付けるＥさんの手元を見ていた」「配膳された料理を見て，ため息をついた」とあった。その後，食事の準備には参加していないが，早く来て様子を見ている。また，食事中は談笑し，食事も完食している。以上のことから再アセスメントを行うことになった。
Ｄさんの再アセスメントに関する次の記述のうち，最も適切なものを1つ選びなさい。",お茶を配る能力について分析する。,ため息の意味を料理の味が悪いと解釈する。,早く来て様子を見ている理由を分析する。,安心して食事ができているかを分析する。,Ｅさんに料理の盛り付けを学びたいと解釈する。,3,,公益財団法人 社会福祉振興・試験センター 第34回（令和3年度）介護福祉士国家試験; 問題: https://drive.google.com/file/d/19u-KY0W0vdr8v-XjaISklvRwSv66XrdR/view; 正答: https://www.mhlw.go.jp/content/12004000/000917101.pdf,,true
2022-34-068,2022,34,68,介護過程,"次の事例を読んで，問題67，問題68について答えなさい。
〔事例〕
Ｄさん（73歳，女性，要介護2）は，認知症対応型共同生活介護（認知症高齢者グループホーム）に入居した。入居後，本人の同意のもとに短期目標を，「食事の準備に参加する」と設定し，順調に経過していた。ある日，Ｄさんが夕食の準備に来なかった。翌日，担当する介護福祉職が居室を訪ねて理由を聞くと，「盛り付けの見た目が・・・」と小声で言った。当日のＤさんの記録を見ると，「お茶を配ると席に座ったが，すぐに立ち上がり，料理を皿に盛り付けるＥさんの手元を見ていた」「配膳された料理を見て，ため息をついた」とあった。その後，食事の準備には参加していないが，早く来て様子を見ている。また，食事中は談笑し，食事も完食している。以上のことから再アセスメントを行うことになった。
カンファレンス（conference）が開かれ，Ｄさんの支援について検討することになった。
Ｄさんを担当する介護福祉職が提案する内容として，最も優先すべきものを1つ選びなさい。",食器の満足度を調べること。,昼食時だけでも計画を継続すること。,居室での食事に変更すること。,食事の準備の役割を見直すこと。,食事以外の短期目標を設定すること。,4,,公益財団法人 社会福祉振興・試験センター 第34回（令和3年度）介護福祉士国家試験; 問題: https://drive.google.com/file/d/19u-KY0W0vdr8v-XjaISklvRwSv66XrdR/view; 正答: https://www.mhlw.go.jp/content/12004000/000917101.pdf,,true
2022-34-069,2022,34,69,発達と老化の理解,愛着行動に関する次の記述のうち，ストレンジ・シチュエーション法における安定型の愛着行動として，適切なものを1つ選びなさい。,養育者がいないと不安な様子になり，再会すると安心して再び遊び始める。,養育者がいないと不安な様子になり，再会すると接近して怒りを示す。,養育者がいないと不安な様子になり，再会すると関心を示さずに遊んでいる。,養育者がいなくても不安な様子にならず，再会すると関心を示さずに遊んでいる。,養育者がいなくても不安な様子にならず，再会すると喜んで遊び続ける。,1,,公益財団法人 社会福祉振興・試験センター 第34回（令和3年度）介護福祉士国家試験; 問題: https://drive.google.com/file/d/19u-KY0W0vdr8v-XjaISklvRwSv66XrdR/view; 正答: https://www.mhlw.go.jp/content/12004000/000917101.pdf,,true
2022-34-070,2022,34,70,発達と老化の理解,乳幼児期の言語発達に関する次の記述のうち，最も適切なものを1つ選びなさい。,生後6か月ごろに初語を発するようになる。,1歳ごろに喃語を発するようになる。,1歳半ごろに語彙爆発が起きる。,2歳半ごろに一語文を話すようになる。,3歳ごろに二語文を話すようになる。,3,,公益財団法人 社会福祉振興・試験センター 第34回（令和3年度）介護福祉士国家試験; 問題: https://drive.google.com/file/d/19u-KY0W0vdr8v-XjaISklvRwSv66XrdR/view; 正答: https://www.mhlw.go.jp/content/12004000/000917101.pdf,,true
2022-34-071,2022,34,71,発達と老化の理解,2019年（平成31年，令和元年）における，我が国の寿命と死因に関する次の記述のうち，正しいものを1つ選びなさい。,健康寿命は，平均寿命よりも長い。,人口全体の死因順位では，老衰が悪性新生物より上位である。,人口全体の死因で最も多いのは，脳血管障害（cerebrovascular disorder）である。,平均寿命は，男女とも75歳未満である。,90歳女性の平均余命は，5年以上である。,5,,公益財団法人 社会福祉振興・試験センター 第34回（令和3年度）介護福祉士国家試験; 問題: https://drive.google.com/file/d/19u-KY0W0vdr8v-XjaISklvRwSv66XrdR/view; 正答: https://www.mhlw.go.jp/content/12004000/000917101.pdf,,true
2022-34-072,2022,34,72,発達と老化の理解,"Ａさん（87歳，女性，要介護3）は，2週間前に介護老人福祉施設に入所した。Ａさんにはパーキンソン病（Parkinson disease）があり，入所後に転倒したことがあった。介護職員は頻繁に，「危ないから車いすに座っていてくださいね」と声をかけていた。Ａさんは徐々に自分でできることも介護職員に依存し，着替えも手伝ってほしいと訴えるようになった。
Ａさんに生じている適応（防衛）機制として，最も適切なものを1つ選びなさい。",投影,退行,攻撃,抑圧,昇華,2,,公益財団法人 社会福祉振興・試験センター 第34回（令和3年度）介護福祉士国家試験; 問題: https://drive.google.com/file/d/19u-KY0W0vdr8v-XjaISklvRwSv66XrdR/view; 正答: https://www.mhlw.go.jp/content/12004000/000917101.pdf,,true
2022-34-073,2022,34,73,発達と老化の理解,記憶に関する次の記述のうち，適切なものを1つ選びなさい。,エピソード記憶は，短期記憶に分類される。,意味記憶は，言葉の意味などに関する記憶である。,手続き記憶は，過去の出来事に関する記憶である。,エピソード記憶は，老化に影響されにくい。,意味記憶は，老化に影響されやすい。,2,,公益財団法人 社会福祉振興・試験センター 第34回（令和3年度）介護福祉士国家試験; 問題: https://drive.google.com/file/d/19u-KY0W0vdr8v-XjaISklvRwSv66XrdR/view; 正答: https://www.mhlw.go.jp/content/12004000/000917101.pdf,,true
2022-34-074,2022,34,74,発達と老化の理解,老化に伴う感覚機能や認知機能の変化に関する次の記述のうち，最も適切なものを1つ選びなさい。,大きな声で話しかけられても，かえって聞こえにくいことがある。,会話をしながら運転するほうが，安全に運転できるようになる。,白と黄色よりも，白と赤の区別がつきにくくなる。,低い声よりも，高い声のほうが聞き取りやすくなる。,薄暗い部屋のほうが，細かい作業をしやすくなる。,1,,公益財団法人 社会福祉振興・試験センター 第34回（令和3年度）介護福祉士国家試験; 問題: https://drive.google.com/file/d/19u-KY0W0vdr8v-XjaISklvRwSv66XrdR/view; 正答: https://www.mhlw.go.jp/content/12004000/000917101.pdf,,true
2022-34-075,2022,34,75,発達と老化の理解,高齢者の睡眠に関する次の記述のうち，適切なものを1つ選びなさい。,午前中の遅い時間まで眠ることが多い。,刺激を与えても起きないような深い睡眠が多い。,睡眠障害を自覚することは少ない。,不眠の原因の1つはメラトニン（melatonin）の減少である。,高齢者の睡眠時無呼吸症候群（sleep apnea syndrome）の発生頻度は，若年者よ,4,,公益財団法人 社会福祉振興・試験センター 第34回（令和3年度）介護福祉士国家試験; 問題: https://drive.google.com/file/d/19u-KY0W0vdr8v-XjaISklvRwSv66XrdR/view; 正答: https://www.mhlw.go.jp/content/12004000/000917101.pdf,,true
2022-34-076,2022,34,76,発達と老化の理解,高齢者の肺炎（pneumonia）に関する次の記述のうち，最も適切なものを1つ選びなさい。,意識障害になることはない。,体温が37.5℃未満であれば肺炎（pneumonia）ではない。,頻呼吸になることは，まれである。,誤嚥による肺炎（pneumonia）を起こしやすい。,咳・痰などを伴うことは，まれである。,4,,公益財団法人 社会福祉振興・試験センター 第34回（令和3年度）介護福祉士国家試験; 問題: https://drive.google.com/file/d/19u-KY0W0vdr8v-XjaISklvRwSv66XrdR/view; 正答: https://www.mhlw.go.jp/content/12004000/000917101.pdf,,true
2022-34-077,2022,34,77,認知症の理解,認知症ケアにおける「ひもときシート」に関する次の記述のうち，最も適切なものを1つ選びなさい。,「ひもときシート」では，最初に分析的理解を行う。,認知症（dementia）の人の言動を介護者側の視点でとらえる。,言動の背景要因を分析して認知症（dementia）の人を理解するためのツールであ,評価的理解では，潜在的なニーズを重視する。,共感的理解では，8つの要因で言動を分析する。,3,,公益財団法人 社会福祉振興・試験センター 第34回（令和3年度）介護福祉士国家試験; 問題: https://drive.google.com/file/d/19u-KY0W0vdr8v-XjaISklvRwSv66XrdR/view; 正答: https://www.mhlw.go.jp/content/12004000/000917101.pdf,,true
2022-34-078,2022,34,78,認知症の理解,レビー小体型認知症（dementia with Lewy bodies）の幻視の特徴に関する次の記述のうち，最も適切なものを1つ選びなさい。,幻視の内容はあいまいではっきりしない。,睡眠中でも幻視が生じる。,本人は説明されても幻視という認識ができない。,薄暗い部屋を明るくすると幻視が消えることがある。,抗精神病薬による治療が行われることが多い。,4,,公益財団法人 社会福祉振興・試験センター 第34回（令和3年度）介護福祉士国家試験; 問題: https://drive.google.com/file/d/19u-KY0W0vdr8v-XjaISklvRwSv66XrdR/view; 正答: https://www.mhlw.go.jp/content/12004000/000917101.pdf,,true
2022-34-079,2022,34,79,認知症の理解,軽度認知障害（mild cognitive impairment）に関する次の記述のうち，最も適切なものを1つ選びなさい。,本人や家族から記憶低下の訴えがあることが多い。,診断された人の約半数がその後1年の間に認知症（dementia）になる。,ＣＤＲ（Clinical Dementia Rating）のスコアが2である。,日常生活能力が低下している。,治療には，主に抗認知症薬が用いられる。,1,,公益財団法人 社会福祉振興・試験センター 第34回（令和3年度）介護福祉士国家試験; 問題: https://drive.google.com/file/d/19u-KY0W0vdr8v-XjaISklvRwSv66XrdR/view; 正答: https://www.mhlw.go.jp/content/12004000/000917101.pdf,,true
2022-34-080,2022,34,80,認知症の理解,若年性認知症（dementia with early onset）に関する次の記述のうち，最も適切なものを1つ選びなさい。,75歳未満に発症する認知症（dementia）である。,高齢者の認知症（dementia）よりも進行は緩やかである。,早期発見・早期対応しやすい。,原因で最も多いのはレビー小体型認知症（dementia with Lewy bodies）である。,不安や抑うつを伴うことが多い。,5,,公益財団法人 社会福祉振興・試験センター 第34回（令和3年度）介護福祉士国家試験; 問題: https://drive.google.com/file/d/19u-KY0W0vdr8v-XjaISklvRwSv66XrdR/view; 正答: https://www.mhlw.go.jp/content/12004000/000917101.pdf,,true
2022-34-081,2022,34,81,認知症の理解,認知症（dementia）の行動・心理症状（ＢＰＳＤ）に対する抗精神病薬を用いた薬物療法でよくみられる副作用として，最も適切なものを1つ選びなさい。,歩幅が広くなる。,誤嚥のリスクが高くなる。,過剰に活動的になる。,筋肉の緊張が緩む。,怒りっぽくなる。,2,,公益財団法人 社会福祉振興・試験センター 第34回（令和3年度）介護福祉士国家試験; 問題: https://drive.google.com/file/d/19u-KY0W0vdr8v-XjaISklvRwSv66XrdR/view; 正答: https://www.mhlw.go.jp/content/12004000/000917101.pdf,,true
2022-34-082,2022,34,82,認知症の理解,軽度の認知症（dementia）の人に，日付，季節，天気，場所などの情報をふだんの会話の中で伝えて認識してもらう認知症ケアとして，正しいものを1つ選びなさい。,ライフレビュー（life review）,リアリティ・オリエンテーション（reality orientation）,バリデーション（validation）,アクティビティ・ケア（activity care）,タッチング（touching）,2,,公益財団法人 社会福祉振興・試験センター 第34回（令和3年度）介護福祉士国家試験; 問題: https://drive.google.com/file/d/19u-KY0W0vdr8v-XjaISklvRwSv66XrdR/view; 正答: https://www.mhlw.go.jp/content/12004000/000917101.pdf,,true
2022-34-083,2022,34,83,認知症の理解,"Ｂさん（86歳，女性）は，中等度のアルツハイマー型認知症（dementia of the Alzheimerʼs type）である。短期入所生活介護（ショートステイ）の利用を始めた日の翌朝，両手に便が付着した状態でベッドに座っていた。
Ｂさんへの声かけとして，適切なものを1つ選びなさい。",「臭いからきれいにします」,「汚い便が手についています」,「ここはトイレではありません」,「手を洗いましょう」,「こんなに汚れて困ります」,4,,公益財団法人 社会福祉振興・試験センター 第34回（令和3年度）介護福祉士国家試験; 問題: https://drive.google.com/file/d/19u-KY0W0vdr8v-XjaISklvRwSv66XrdR/view; 正答: https://www.mhlw.go.jp/content/12004000/000917101.pdf,,true
2022-34-084,2022,34,84,認知症の理解,"Ｃさん（80歳，女性）は夫（85歳）と二人暮らしである。1年ほど前から記憶障害があり，最近，アルツハイマー型認知症（dementia of the Alzheimerʼs type）と診断された。探し物が増え，財布や保険証を見つけられないと，「泥棒が入った，警察に連絡して」と訴えるようになった。「泥棒なんて入っていない」と警察を呼ばずにいると，Ｃさんがますます興奮するので，夫は対応に困っている。
夫から相談を受けた介護福祉職の助言として，最も適切なものを1つ選びなさい。",「主治医に興奮を抑える薬の相談をしてみてはどうですか」,「施設入所を検討してはどうですか」,「Ｃさんと一緒に探してみてはどうですか」,「Ｃさんの希望通り，警察に通報してはどうですか」,「Ｃさんに認知症（dementia）であることを説明してはどうですか」,3,,公益財団法人 社会福祉振興・試験センター 第34回（令和3年度）介護福祉士国家試験; 問題: https://drive.google.com/file/d/19u-KY0W0vdr8v-XjaISklvRwSv66XrdR/view; 正答: https://www.mhlw.go.jp/content/12004000/000917101.pdf,,true
2022-34-085,2022,34,85,認知症の理解,認知症（dementia）の人に配慮した施設の生活環境として，最も適切なものを1つ選びなさい。,いつも安心感をもってもらえるように接する。,私物は本人の見えないところに片付ける。,毎日新しい生活体験をしてもらう。,壁の色と同系色の表示を使用する。,日中は1人で過ごしてもらう。,1,,公益財団法人 社会福祉振興・試験センター 第34回（令和3年度）介護福祉士国家試験; 問題: https://drive.google.com/file/d/19u-KY0W0vdr8v-XjaISklvRwSv66XrdR/view; 正答: https://www.mhlw.go.jp/content/12004000/000917101.pdf,,true
2022-34-086,2022,34,86,認知症の理解,認知症初期集中支援チームに関する次の記述のうち，最も適切なものを1つ選びなさい。,自宅ではない場所で家族から生活の様子を聞く。,チーム員には医師が含まれる。,初回の訪問時にアセスメント（assessment）は不要である。,介護福祉士は，認知症初期集中支援チーム員研修を受講しなくてもチームに参,認知症疾患医療センター受診後に，チームが対応方法を決定する。,2,,公益財団法人 社会福祉振興・試験センター 第34回（令和3年度）介護福祉士国家試験; 問題: https://drive.google.com/file/d/19u-KY0W0vdr8v-XjaISklvRwSv66XrdR/view; 正答: https://www.mhlw.go.jp/content/12004000/000917101.pdf,,true
2022-34-087,2022,34,87,障害の理解,"障害者の法的定義に関する次の記述のうち，正しいものを1つ選びなさい。
（注）「精神保健福祉法」とは，「精神保健及び精神障害者福祉に関する法律」のことである。",身体障害者福祉法における身体障害者は，身体障害者手帳の交付を受けた18,知的障害者は，知的障害者福祉法に定義されている。,「精神保健福祉法」における精神障害者には，知的障害者が含まれていない。,障害者基本法において発達障害者は，精神障害者に含まれていない。,障害児は，障害者基本法に定義されている。,1,,公益財団法人 社会福祉振興・試験センター 第34回（令和3年度）介護福祉士国家試験; 問題: https://drive.google.com/file/d/19u-KY0W0vdr8v-XjaISklvRwSv66XrdR/view; 正答: https://www.mhlw.go.jp/content/12004000/000917101.pdf,,true
2022-34-088,2022,34,88,障害の理解,半側空間無視に関する次の記述のうち，最も適切なものを1つ選びなさい。,食事のとき，認識できない片側に食べ残しがみられる。,半盲に対するものと介護方法は同じである。,失行の1つである。,本人は半側空間無視に気づいている。,認識できない片側へ向かってまっすぐに歩ける。,1,,公益財団法人 社会福祉振興・試験センター 第34回（令和3年度）介護福祉士国家試験; 問題: https://drive.google.com/file/d/19u-KY0W0vdr8v-XjaISklvRwSv66XrdR/view; 正答: https://www.mhlw.go.jp/content/12004000/000917101.pdf,,true
2022-34-089,2022,34,89,障害の理解,"Ｄさん（35歳，男性）は重度の知的障害があり，地元の施設入所支援を利用している。Ｄさんの友人Ｅさんは，以前に同じ施設入所支援を利用していて，現在は共同生活援助（グループホーム）で暮らしている。Ｄさんは，共同生活援助（グループホーム）で生活するＥさんの様子を見て，その生活に関心をもったようである。施設の職員は，Ｄさんの共同生活援助（グループホーム）での生活は，適切な援助を受ければ可能であると考えている。一方，Ｄさんの母親は，親亡き後の不安から施設入所支援を継続させたいと思っている。
介護福祉職が現時点で行うＤさんへの意思決定支援として，最も適切なものを1つ選びなさい。",母親の意思を，本人に伝える。,共同生活援助（グループホーム）の生活について話し合う。,介護福祉職の考えを，本人に伝える。,具体的な選択肢を用意し，選んでもらう。,地域生活のリスクについて説明する。,2,,公益財団法人 社会福祉振興・試験センター 第34回（令和3年度）介護福祉士国家試験; 問題: https://drive.google.com/file/d/19u-KY0W0vdr8v-XjaISklvRwSv66XrdR/view; 正答: https://www.mhlw.go.jp/content/12004000/000917101.pdf,,true
2022-34-090,2022,34,90,障害の理解,筋萎縮性側索硬化症（amyotrophic lateral sclerosis：ＡＬＳ）では出現しにくい症状として，適切なものを1つ選びなさい。,四肢の運動障害,構音障害,嚥下障害,感覚障害,呼吸障害,4,,公益財団法人 社会福祉振興・試験センター 第34回（令和3年度）介護福祉士国家試験; 問題: https://drive.google.com/file/d/19u-KY0W0vdr8v-XjaISklvRwSv66XrdR/view; 正答: https://www.mhlw.go.jp/content/12004000/000917101.pdf,,true
2022-34-091,2022,34,91,障害の理解,"Ｆさん（21歳，男性）は，交通事故による頸髄損傷（cervical cord injury）で重度の四肢麻痺になった。最近はリハビリテーションに取り組まず，周囲の人に感情をぶつけ強くあたるようになった。
介護福祉職の対応に関する次の記述のうち，最も適切なものを1つ選びなさい。",歩けるようになるために，諦めずに機能訓練をするように支援する。,トラブルが起きないように，Ｆさんには近寄らないようにする。,生活態度を改めるように，Ｆさんに厳しく注意する。,自分でできることに目を向けられるように，Ｆさんを支援する。,障害が重いので，Ｆさんのできることも手伝うようにする。,4,,公益財団法人 社会福祉振興・試験センター 第34回（令和3年度）介護福祉士国家試験; 問題: https://drive.google.com/file/d/19u-KY0W0vdr8v-XjaISklvRwSv66XrdR/view; 正答: https://www.mhlw.go.jp/content/12004000/000917101.pdf,,true
2022-34-092,2022,34,92,障害の理解,"Ｇさんはパーキンソン病（Parkinson disease）と診断され，薬物療法が開始されている。立位で重心が傾き，歩行中に停止することや向きを変えることが困難である。
Ｇさんのこの症状を表現するものとして，最も適切なものを1つ選びなさい。",安静時振戦,筋固縮,無動,寡動,姿勢保持障害,5,,公益財団法人 社会福祉振興・試験センター 第34回（令和3年度）介護福祉士国家試験; 問題: https://drive.google.com/file/d/19u-KY0W0vdr8v-XjaISklvRwSv66XrdR/view; 正答: https://www.mhlw.go.jp/content/12004000/000917101.pdf,,true
2022-34-093,2022,34,93,障害の理解,障害者への理解を深めるために有効なアセスメントツールの1つであるエコマップが表すものとして，最も適切なものを1つ選びなさい。,家族との関係,社会との相関関係,認知機能,機能の自立度,日常生活動作,2,,公益財団法人 社会福祉振興・試験センター 第34回（令和3年度）介護福祉士国家試験; 問題: https://drive.google.com/file/d/19u-KY0W0vdr8v-XjaISklvRwSv66XrdR/view; 正答: https://www.mhlw.go.jp/content/12004000/000917101.pdf,,true
2022-34-094,2022,34,94,障害の理解,"「障害者総合支援法」で定める協議会に関する次の記述のうち，最も適切なものを1つ選びなさい。
（注）「障害者総合支援法」とは，「障害者の日常生活及び社会生活を総合的に支援するための法律」のことである。",当事者・家族以外の専門家で構成する。,療育手帳を交付する。,相談支援専門員を配置しなければならない。,国が設置する。,地域の実情に応じた支援体制の整備について協議を行う。,5,,公益財団法人 社会福祉振興・試験センター 第34回（令和3年度）介護福祉士国家試験; 問題: https://drive.google.com/file/d/19u-KY0W0vdr8v-XjaISklvRwSv66XrdR/view; 正答: https://www.mhlw.go.jp/content/12004000/000917101.pdf,,true
2022-34-095,2022,34,95,障害の理解,障害者が障害福祉サービスを利用するために相談支援専門員が作成する計画として，正しいものを1つ選びなさい。,地域福祉計画,個別支援計画,サービス等利用計画,障害福祉計画,介護サービス計画,3,,公益財団法人 社会福祉振興・試験センター 第34回（令和3年度）介護福祉士国家試験; 問題: https://drive.google.com/file/d/19u-KY0W0vdr8v-XjaISklvRwSv66XrdR/view; 正答: https://www.mhlw.go.jp/content/12004000/000917101.pdf,,true
2022-34-096,2022,34,96,障害の理解,"Ｈさん（45歳，男性）は，脳梗塞（cerebral infarction）を発症して半年間入院した。
退院してからは，障害者支援施設に入所して自立訓練を受けている。",か月ほど過ぎたが，右片麻痺と言語障害が残っている。妻のＪさん（35歳）は,家族の不安な気持ちに寄り添い，今の課題を一緒に整理し考えていく。,Ｊさんの気持ちを最優先して方向性を決める。,訓練の様子を伝えるために，頻繁にＪさんに施設に来てもらう。,家族が困っているので専門職主導で方向性を決める。,1,,公益財団法人 社会福祉振興・試験センター 第34回（令和3年度）介護福祉士国家試験; 問題: https://drive.google.com/file/d/19u-KY0W0vdr8v-XjaISklvRwSv66XrdR/view; 正答: https://www.mhlw.go.jp/content/12004000/000917101.pdf,,true
2022-34-097,2022,34,97,こころとからだのしくみ,"Ｋさん（83歳，女性，要介護1）は，3年前にアルツハイマー型認知症（dementia of the Alzheimerʼs type）と診断された。一人暮らしで訪問介護（ホームヘルプサービス）を利用している。金銭管理は困難であり，長男が行っている。最近，認知症（dementia）の症状がさらに進み，訪問介護員（ホームヘルパー）がＫさんの自宅を訪問すると，「通帳を長男の嫁が持っていってしまった」と繰り返し訴えるようになった。
考えられるＫさんの症状として，適切なものを1つ選びなさい。",もの盗られ妄想,心気妄想,貧困妄想,罪業妄想,嫉妬妄想,1,,公益財団法人 社会福祉振興・試験センター 第34回（令和3年度）介護福祉士国家試験; 問題: https://drive.google.com/file/d/19u-KY0W0vdr8v-XjaISklvRwSv66XrdR/view; 正答: https://www.mhlw.go.jp/content/12004000/000917101.pdf,,true
2022-34-098,2022,34,98,こころとからだのしくみ,"Ｌさん（87歳，男性，要介護1）は，冷房が嫌いで，部屋にエアコンはない。ある夏の日の午後，訪問介護員（ホームヘルパー）が訪問すると，厚手の布団を掛けて眠っていた。布団を取ると大量の発汗があり，体温を測定すると38.5℃であった。朝から水分しか摂取していないという。前から不眠があり，この5日間便秘が続いていたが，食欲はあったとのことである。
次のうち，体温が上昇した原因として，最も適切なものを1つ選びなさい。",布団,発汗,空腹,不眠,便秘,1,,公益財団法人 社会福祉振興・試験センター 第34回（令和3年度）介護福祉士国家試験; 問題: https://drive.google.com/file/d/19u-KY0W0vdr8v-XjaISklvRwSv66XrdR/view; 正答: https://www.mhlw.go.jp/content/12004000/000917101.pdf,,true
2022-34-099,2022,34,99,こころとからだのしくみ,老化に伴う視覚機能の変化に関する次の記述のうち，正しいものを1つ選びなさい。,水晶体が茶色になる。,遠くのものが見えやすくなる。,明暗に順応する時間が長くなる。,ピントの調節が速くなる。,涙の量が増える。,3,,公益財団法人 社会福祉振興・試験センター 第34回（令和3年度）介護福祉士国家試験; 問題: https://drive.google.com/file/d/19u-KY0W0vdr8v-XjaISklvRwSv66XrdR/view; 正答: https://www.mhlw.go.jp/content/12004000/000917101.pdf,,true
2022-34-100,2022,34,100,こころとからだのしくみ,言葉の発音が不明瞭になる原因として，最も適切なものを1つ選びなさい。,唾液の分泌が増加すること,舌運動が活発化すること,口角が上がること,調整された義歯を使用すること,口唇が閉じにくくなること,5,,公益財団法人 社会福祉振興・試験センター 第34回（令和3年度）介護福祉士国家試験; 問題: https://drive.google.com/file/d/19u-KY0W0vdr8v-XjaISklvRwSv66XrdR/view; 正答: https://www.mhlw.go.jp/content/12004000/000917101.pdf,,true
2022-34-101,2022,34,101,こころとからだのしくみ,骨に関する次の記述のうち，正しいものを1つ選びなさい。,骨にはたんぱく質が含まれている。,骨のカルシウム（Ca）は老化に伴い増える。,骨は負荷がかかるほうが弱くなる。,骨は骨芽細胞によって壊される。,骨のカルシウム（Ca）はビタミンＡ（vitamin A）によって吸収が促進される。,1,,公益財団法人 社会福祉振興・試験センター 第34回（令和3年度）介護福祉士国家試験; 問題: https://drive.google.com/file/d/19u-KY0W0vdr8v-XjaISklvRwSv66XrdR/view; 正答: https://www.mhlw.go.jp/content/12004000/000917101.pdf,,true
2022-34-102,2022,34,102,こころとからだのしくみ,介護者が効率的かつ安全に介護を行うためのボディメカニクスの原則に関する次の記述のうち，適切なものを1つ選びなさい。,支持基底面を広くする。,利用者の重心を遠ざける。,腰がねじれた姿勢をとる。,重心を高くする。,移動時の摩擦面を大きくする。,1,,公益財団法人 社会福祉振興・試験センター 第34回（令和3年度）介護福祉士国家試験; 問題: https://drive.google.com/file/d/19u-KY0W0vdr8v-XjaISklvRwSv66XrdR/view; 正答: https://www.mhlw.go.jp/content/12004000/000917101.pdf,,true
2022-34-103,2022,34,103,こころとからだのしくみ,次のうち，三大栄養素に該当する成分として，正しいものを1つ選びなさい。,水分,炭水化物,ビタミン（vitamin）,ナトリウム（Na）,カルシウム（Ca）,2,,公益財団法人 社会福祉振興・試験センター 第34回（令和3年度）介護福祉士国家試験; 問題: https://drive.google.com/file/d/19u-KY0W0vdr8v-XjaISklvRwSv66XrdR/view; 正答: https://www.mhlw.go.jp/content/12004000/000917101.pdf,,true
2022-34-104,2022,34,104,こころとからだのしくみ,コントロール不良の糖尿病（diabetes mellitus）で高血糖時にみられる症状として，適切なものを1つ選びなさい。,振戦,発汗,口渇,乏尿,動悸,3,,公益財団法人 社会福祉振興・試験センター 第34回（令和3年度）介護福祉士国家試験; 問題: https://drive.google.com/file/d/19u-KY0W0vdr8v-XjaISklvRwSv66XrdR/view; 正答: https://www.mhlw.go.jp/content/12004000/000917101.pdf,,true
2022-34-105,2022,34,105,こころとからだのしくみ,"Ｍさん（85歳，男性）は，通所介護（デイサービス）での入浴を楽しみにしていて，いつも時間をかけて湯につかっている。ある時，介護福祉職が，「そろそろあがりましょうか」と声をかけると，浴槽から急に立ち上がりふらついてしまった。
Ｍさんがふらついた原因として，最も適切なものを1つ選びなさい。",体温の上昇,呼吸数の増加,心拍数の増加,動脈血酸素飽和度の低下,血圧の低下,5,,公益財団法人 社会福祉振興・試験センター 第34回（令和3年度）介護福祉士国家試験; 問題: https://drive.google.com/file/d/19u-KY0W0vdr8v-XjaISklvRwSv66XrdR/view; 正答: https://www.mhlw.go.jp/content/12004000/000917101.pdf,,true
2022-34-106,2022,34,106,こころとからだのしくみ,次のうち，ブリストル便性状スケールの普通便に該当するものとして，最も適切なものを1つ選びなさい。,水様便,硬い便,泥状便,コロコロ便,やや軟らかい便,5,,公益財団法人 社会福祉振興・試験センター 第34回（令和3年度）介護福祉士国家試験; 問題: https://drive.google.com/file/d/19u-KY0W0vdr8v-XjaISklvRwSv66XrdR/view; 正答: https://www.mhlw.go.jp/content/12004000/000917101.pdf,,true
2022-34-107,2022,34,107,こころとからだのしくみ,"Ａさん（65歳，女性）は，最近，熟睡できないと訴えている。Ａさんの日常生活は，毎日6時に起床し，午前中は家事を行い，14時から20分の昼寝をし，16時から30分の散歩をしている。食事は朝食7時，昼食12時，夕食18時にとり，朝食のときはコーヒーを1杯飲む。21時に好きな音楽を聞きながら，夜食を満腹になる程度に食べ，21時30分に就寝している。
Ａさんの訴えに対して，日常生活で改善する必要があるものとして，最も適切なものを1つ選びなさい。",朝食のコーヒー,昼寝,散歩,音楽を聞くこと,就寝前の夜食,5,,公益財団法人 社会福祉振興・試験センター 第34回（令和3年度）介護福祉士国家試験; 問題: https://drive.google.com/file/d/19u-KY0W0vdr8v-XjaISklvRwSv66XrdR/view; 正答: https://www.mhlw.go.jp/content/12004000/000917101.pdf,,true
2022-34-108,2022,34,108,こころとからだのしくみ,"Ｂさん（76歳，女性）は，病気はなく散歩が日課である。肺がん（lung cancer）の夫を長年介護し，数か月前に自宅で看取った。その体験から，死期の迫った段階では延命を目的とした治療は受けずに，自然な最期を迎えたいと願っている。
Ｂさんが希望する死を表す用語として，最も適切なものを1つ選びなさい。",脳死,突然死,尊厳死,積極的安楽死,心臓死,3,,公益財団法人 社会福祉振興・試験センター 第34回（令和3年度）介護福祉士国家試験; 問題: https://drive.google.com/file/d/19u-KY0W0vdr8v-XjaISklvRwSv66XrdR/view; 正答: https://www.mhlw.go.jp/content/12004000/000917101.pdf,,true
2022-34-109,2022,34,109,医療的ケア,社会福祉士及び介護福祉士法で規定されている介護福祉士が実施できる経管栄養の行為として，正しいものを1つ選びなさい。,栄養剤の種類の変更,栄養剤の注入速度の決定,経鼻経管栄養チューブの胃内への留置,栄養剤の注入,胃ろうカテーテルの定期交換,4,,公益財団法人 社会福祉振興・試験センター 第34回（令和3年度）介護福祉士国家試験; 問題: https://drive.google.com/file/d/19u-KY0W0vdr8v-XjaISklvRwSv66XrdR/view; 正答: https://www.mhlw.go.jp/content/12004000/000917101.pdf,,true
2022-34-110,2022,34,110,医療的ケア,気管カニューレ内部の喀痰吸引で，指示された吸引時間よりも長くなった場合，吸引後に注意すべき項目として，最も適切なものを1つ選びなさい。,体温,血糖値,動脈血酸素飽和度,痰の色,唾液の量,3,,公益財団法人 社会福祉振興・試験センター 第34回（令和3年度）介護福祉士国家試験; 問題: https://drive.google.com/file/d/19u-KY0W0vdr8v-XjaISklvRwSv66XrdR/view; 正答: https://www.mhlw.go.jp/content/12004000/000917101.pdf,,true
2022-34-111,2022,34,111,医療的ケア,呼吸器官の換気とガス交換に関する次の記述のうち，最も適切なものを1つ選びなさい。,換気とは，体外から二酸化炭素を取り込み，体外に酸素を排出する働きをいう。,呼吸運動は，主として大胸筋によって行われる。,1回に吸い込める空気の量は，年齢とともに増加する。,ガス交換は，肺胞内の空気と血液の間で行われる。,筋萎縮性側索硬化症（amyotrophic lateral sclerosis：ＡＬＳ）では，主にガス交換,4,,公益財団法人 社会福祉振興・試験センター 第34回（令和3年度）介護福祉士国家試験; 問題: https://drive.google.com/file/d/19u-KY0W0vdr8v-XjaISklvRwSv66XrdR/view; 正答: https://www.mhlw.go.jp/content/12004000/000917101.pdf,,true
2022-34-112,2022,34,112,医療的ケア,経管栄養で用いる半固形タイプの栄養剤の特徴に関する次の記述のうち，最も適切なものを1つ選びなさい。,経鼻経管栄養法に適している。,液状タイプと同じ粘稠度である。,食道への逆流を改善することが期待できる。,仰臥位（背臥位）で注入する。,注入時間は，液状タイプより長い。,3,,公益財団法人 社会福祉振興・試験センター 第34回（令和3年度）介護福祉士国家試験; 問題: https://drive.google.com/file/d/19u-KY0W0vdr8v-XjaISklvRwSv66XrdR/view; 正答: https://www.mhlw.go.jp/content/12004000/000917101.pdf,,true
2022-34-113,2022,34,113,医療的ケア,経管栄養で，栄養剤の注入後に白湯を経管栄養チューブに注入する理由として，最も適切なものを1つ選びなさい。,チューブ内を消毒する。,チューブ内の栄養剤を洗い流す。,水分を補給する。,胃内を温める。,栄養剤の濃度を調節する。,2,,公益財団法人 社会福祉振興・試験センター 第34回（令和3年度）介護福祉士国家試験; 問題: https://drive.google.com/file/d/19u-KY0W0vdr8v-XjaISklvRwSv66XrdR/view; 正答: https://www.mhlw.go.jp/content/12004000/000917101.pdf,,true
2022-34-114,2022,34,114,総合問題,"次の事例を読んで，問題114から問題116までについて答えなさい。
〔事例〕
Ｃさん（83歳，女性）は，一人暮らしで，近所に買い物に行く以外はテレビを見て過ごしている。近県に息子がいるが，仕事が忙しく，会いに来ることはあまりなかった。ある日，息子が久しぶりに訪問すると，部屋の中がごみや衣類などで散らかっていた。病院を受診するとＣさんはアルツハイマー型認知症（dementia of the Alzheimerʼs type）と診断され，要介護1と認定された。Ｃさんは，時々，電気湯沸しポットの使い方がわからなくなって湯が出せなかったり，お茶を入れる順番がわからずに混乱する様子が見られた。心配した息子は，介護保険サービスを利用することにした。後日，介護支援専門員（ケアマネジャー）が訪問し，介護保険サービスの利用についてＣさんや息子と話し合った。週2回，訪問介護（ホームヘルプサービス）を利用することになり，介護支援専門員（ケアマネジャー）は，「自宅で，衛生的な生活ができる」をケアプランの長期目標とした。
Ｃさんを担当する訪問介護員（ホームヘルパー）は，サービス提供責任者と共に訪問介護計画書を作成することになった。
次の記述の中で，短期目標として，最も適切なものを1つ選びなさい。",掃除機を利用して，1人で掃除をすることができるようになる。,電気湯沸しポットを使い，1人でお茶を入れることができるようになる。,Ｃさんの残存機能に着目して支援する。,週2回，息子にＣさんの自宅を訪問してもらう。,訪問介護員（ホームヘルパー）と一緒に掃除をすることができるようになる。,5,,公益財団法人 社会福祉振興・試験センター 第34回（令和3年度）介護福祉士国家試験; 問題: https://drive.google.com/file/d/19u-KY0W0vdr8v-XjaISklvRwSv66XrdR/view; 正答: https://www.mhlw.go.jp/content/12004000/000917101.pdf,,true
2022-34-115,2022,34,115,総合問題,"次の事例を読んで，問題114から問題116までについて答えなさい。
〔事例〕
Ｃさん（83歳，女性）は，一人暮らしで，近所に買い物に行く以外はテレビを見て過ごしている。近県に息子がいるが，仕事が忙しく，会いに来ることはあまりなかった。ある日，息子が久しぶりに訪問すると，部屋の中がごみや衣類などで散らかっていた。病院を受診するとＣさんはアルツハイマー型認知症（dementia of the Alzheimerʼs type）と診断され，要介護1と認定された。Ｃさんは，時々，電気湯沸しポットの使い方がわからなくなって湯が出せなかったり，お茶を入れる順番がわからずに混乱する様子が見られた。心配した息子は，介護保険サービスを利用することにした。後日，介護支援専門員（ケアマネジャー）が訪問し，介護保険サービスの利用についてＣさんや息子と話し合った。週2回，訪問介護（ホームヘルプサービス）を利用することになり，介護支援専門員（ケアマネジャー）は，「自宅で，衛生的な生活ができる」をケアプランの長期目標とした。
Ｃさんは，たびたび息子に電気湯沸しポットが壊れていると訴えるようになった。
Ｃさんのこのような状態に該当するものとして，適切なものを1つ選びなさい。",空間認知障害,視覚認知障害,遂行機能障害,失認,観念運動失行,3,,公益財団法人 社会福祉振興・試験センター 第34回（令和3年度）介護福祉士国家試験; 問題: https://drive.google.com/file/d/19u-KY0W0vdr8v-XjaISklvRwSv66XrdR/view; 正答: https://www.mhlw.go.jp/content/12004000/000917101.pdf,,true
2022-34-116,2022,34,116,総合問題,"次の事例を読んで，問題114から問題116までについて答えなさい。
〔事例〕
Ｃさん（83歳，女性）は，一人暮らしで，近所に買い物に行く以外はテレビを見て過ごしている。近県に息子がいるが，仕事が忙しく，会いに来ることはあまりなかった。ある日，息子が久しぶりに訪問すると，部屋の中がごみや衣類などで散らかっていた。病院を受診するとＣさんはアルツハイマー型認知症（dementia of the Alzheimerʼs type）と診断され，要介護1と認定された。Ｃさんは，時々，電気湯沸しポットの使い方がわからなくなって湯が出せなかったり，お茶を入れる順番がわからずに混乱する様子が見られた。心配した息子は，介護保険サービスを利用することにした。後日，介護支援専門員（ケアマネジャー）が訪問し，介護保険サービスの利用についてＣさんや息子と話し合った。週2回，訪問介護（ホームヘルプサービス）を利用することになり，介護支援専門員（ケアマネジャー）は，「自宅で，衛生的な生活ができる」をケアプランの長期目標とした。
Ｃさんの家に訪問介護員（ホームヘルパー）が通い始めて数か月が経過した頃，Ｃさんの息子から訪問介護員（ホームヘルパー）に以下の希望が挙げられた。
介護保険で対応可能な支援として，適切なものを1つ選びなさい。",Ｃさんと息子が出かけている間に洗濯物を取り込む。,Ｃさんの処方薬を薬局で受け取る。,地域のお祭りにＣさんと一緒に行く。,Ｃさんの部屋の壁紙を張り替える。,訪ねて来た親戚にお茶を入れる。,2,,公益財団法人 社会福祉振興・試験センター 第34回（令和3年度）介護福祉士国家試験; 問題: https://drive.google.com/file/d/19u-KY0W0vdr8v-XjaISklvRwSv66XrdR/view; 正答: https://www.mhlw.go.jp/content/12004000/000917101.pdf,,true
2022-34-117,2022,34,117,総合問題,"次の事例を読んで，問題117から問題119までについて答えなさい。
〔事例〕
Ｄさん（70歳，男性）は，19歳のときに統合失調症（schizophrenia）を発症し，入退院を繰り返しながら両親と一緒に生活してきた。両親が亡くなったことをきっかけとして不安に襲われ，妄想や幻聴の症状が強く現れるようになった。そのため，兄に付き添われて精神科病院を受診し，医療保護入院となった。現在は，入院から3年が経過し，陽性症状はほとんどなく，病棟で日中はレクリエーションに参加するなど落ち着いて生活している。
Ｄさんが3年前に入院した医療保護入院の制度に関する次の記述のうち，正しいものを1つ選びなさい。",Ｄさんの同意による入院,精神保健指定医2名以上の診察の結果が，入院させなければ自傷他害の恐れが,精神保健指定医1名が診察し，入院させなければ自傷他害の恐れがあると判断,精神保健指定医1名が診察し，Ｄさんの同意が得られず，家族等1名の同意があ,精神保健指定医1名が診察し，Ｄさんの同意が得られず，さらに家族等の同意が,4,,公益財団法人 社会福祉振興・試験センター 第34回（令和3年度）介護福祉士国家試験; 問題: https://drive.google.com/file/d/19u-KY0W0vdr8v-XjaISklvRwSv66XrdR/view; 正答: https://www.mhlw.go.jp/content/12004000/000917101.pdf,,true
2022-34-118,2022,34,118,総合問題,"次の事例を読んで，問題117から問題119までについて答えなさい。
〔事例〕
Ｄさん（70歳，男性）は，19歳のときに統合失調症（schizophrenia）を発症し，入退院を繰り返しながら両親と一緒に生活してきた。両親が亡くなったことをきっかけとして不安に襲われ，妄想や幻聴の症状が強く現れるようになった。そのため，兄に付き添われて精神科病院を受診し，医療保護入院となった。現在は，入院から3年が経過し，陽性症状はほとんどなく，病棟で日中はレクリエーションに参加するなど落ち着いて生活している。
1年前からＤさんの退院について検討が行われてきた。Ｄさんは退院後の生活に対する不安があり，「帰る家がない」，「顔見知りの患者や職員がいるのでここを離れたくない」と退院には消極的であった。しかし，Ｄさんと仲のよい患者が，退院し施設入所したことをきっかけに退院を考えるようになった。Ｄさんは，整容，入浴，排泄，食事，移動は見守りがあればできる。また，介護福祉職の助言を受ければ，日用品などを買うことはできる。経済状況は，障害基礎年金2級と生活保護を受給している。要介護認定を受けたところ，要介護1と認定された。
Ｄさんの退院先の候補になる施設として，最も適切なものを1つ選びなさい。",養護老人ホーム,老人福祉センター,更生施設,地域生活定着支援センター,介護老人福祉施設,1,,公益財団法人 社会福祉振興・試験センター 第34回（令和3年度）介護福祉士国家試験; 問題: https://drive.google.com/file/d/19u-KY0W0vdr8v-XjaISklvRwSv66XrdR/view; 正答: https://www.mhlw.go.jp/content/12004000/000917101.pdf,,true
2022-34-119,2022,34,119,総合問題,"次の事例を読んで，問題117から問題119までについて答えなさい。
〔事例〕
Ｄさん（70歳，男性）は，19歳のときに統合失調症（schizophrenia）を発症し，入退院を繰り返しながら両親と一緒に生活してきた。両親が亡くなったことをきっかけとして不安に襲われ，妄想や幻聴の症状が強く現れるようになった。そのため，兄に付き添われて精神科病院を受診し，医療保護入院となった。現在は，入院から3年が経過し，陽性症状はほとんどなく，病棟で日中はレクリエーションに参加するなど落ち着いて生活している。
Ｄさんは施設への入所が決まり，うれしそうに退院の準備をするようになった。ある夜，1人で荷物の整理をしていたときに転んでしまい，顔を強打して大きなあざができた。後遺症はないことがわかったが，Ｄさんは自信をなくし，介護福祉職に，「これでは施設も自分を受け入れてくれないだろう」と言い，「施設入所がうれしくて早く準備がしたかった」と話した。そばに寄り添い，Ｄさんの話を聴き終えた介護福祉職が，「施設入所がうれしくて，早く準備をしたかったのですね」と言うと，Ｄさんは，「退院を諦めていたけど，自分にも暮らせる場所があると思った」とやりたいことや夢を語り出した。
介護福祉職が行ったコミュニケーション技術として，最も適切なものを1つ選びなさい。",あいづち,言い換え,要約,繰り返し,閉じられた質問,4,,公益財団法人 社会福祉振興・試験センター 第34回（令和3年度）介護福祉士国家試験; 問題: https://drive.google.com/file/d/19u-KY0W0vdr8v-XjaISklvRwSv66XrdR/view; 正答: https://www.mhlw.go.jp/content/12004000/000917101.pdf,,true
2022-34-120,2022,34,120,総合問題,"次の事例を読んで，問題120から問題122までについて答えなさい。
〔事例〕
Ｅさん（35歳，男性）は，1年前に筋萎縮性側索硬化症（amyotrophic lateral sclerosis：ＡＬＳ）と診断された。当初の症状としては，ろれつが回らず，食べ物の飲み込みが悪くなり，体重の減少がみられた。その後，Ｅさんの症状は進行し，同居している両親から介護を受けて生活をしていたが，両親の介護負担が大きくなったため，障害福祉サービスを利用することになった。障害支援区分の認定を受けたところ，障害支援区分3になった。Ｅさんは訪問介護員（ホームヘルパー）から食事や入浴の介護を受けて自宅で生活をしている。
Ｅさんが病院を受診するきっかけになった症状に該当するものとして，最も適切なものを1つ選びなさい。",対麻痺,単麻痺,球麻痺,安静時振戦,間欠性跛行,3,,公益財団法人 社会福祉振興・試験センター 第34回（令和3年度）介護福祉士国家試験; 問題: https://drive.google.com/file/d/19u-KY0W0vdr8v-XjaISklvRwSv66XrdR/view; 正答: https://www.mhlw.go.jp/content/12004000/000917101.pdf,,true
2022-34-121,2022,34,121,総合問題,"次の事例を読んで，問題120から問題122までについて答えなさい。
〔事例〕
Ｅさん（35歳，男性）は，1年前に筋萎縮性側索硬化症（amyotrophic lateral sclerosis：ＡＬＳ）と診断された。当初の症状としては，ろれつが回らず，食べ物の飲み込みが悪くなり，体重の減少がみられた。その後，Ｅさんの症状は進行し，同居している両親から介護を受けて生活をしていたが，両親の介護負担が大きくなったため，障害福祉サービスを利用することになった。障害支援区分の認定を受けたところ，障害支援区分3になった。Ｅさんは訪問介護員（ホームヘルパー）から食事や入浴の介護を受けて自宅で生活をしている。
ある日，Ｅさんの自宅を訪問した訪問介護員（ホームヘルパー）は，Ｅさんの両親から，「これまでＥは話をするのが難しく，筆談で意思を聞いてきたが，ペンを持つのが難しくなってきた」と聞いた。確かにＥさんは，発話や字を書くことは困難な様子だが，目はよく動いている。
次のうち，今後，Ｅさんが家族とコミュニケーションをとるときに使うことのできる道具として，最も適切なものを1つ選びなさい。",ホワイトボード,絵や写真,透明文字盤,拡声器,補聴器,3,,公益財団法人 社会福祉振興・試験センター 第34回（令和3年度）介護福祉士国家試験; 問題: https://drive.google.com/file/d/19u-KY0W0vdr8v-XjaISklvRwSv66XrdR/view; 正答: https://www.mhlw.go.jp/content/12004000/000917101.pdf,,true
2022-34-122,2022,34,122,総合問題,"次の事例を読んで，問題120から問題122までについて答えなさい。
〔事例〕
Ｅさん（35歳，男性）は，1年前に筋萎縮性側索硬化症（amyotrophic lateral sclerosis：ＡＬＳ）と診断された。当初の症状としては，ろれつが回らず，食べ物の飲み込みが悪くなり，体重の減少がみられた。その後，Ｅさんの症状は進行し，同居している両親から介護を受けて生活をしていたが，両親の介護負担が大きくなったため，障害福祉サービスを利用することになった。障害支援区分の認定を受けたところ，障害支援区分3になった。Ｅさんは訪問介護員（ホームヘルパー）から食事や入浴の介護を受けて自宅で生活をしている。
3年後，Ｅさんの症状はさらに進行し，障害支援区分6になった。Ｅさんはこれまでどおり，自宅での生活を希望し，Ｅさんの両親は障害福祉サービスを利用しながら最期まで自宅でＥさんの介護を行うことを希望している。
Ｅさんと両親の希望の実現に向けて，現在の状態からＥさんが利用するサービスとして，最も適切なものを1つ選びなさい。",育成医療,就労定着支援,共同生活援助（グループホーム）,行動援護,重度訪問介護,5,,公益財団法人 社会福祉振興・試験センター 第34回（令和3年度）介護福祉士国家試験; 問題: https://drive.google.com/file/d/19u-KY0W0vdr8v-XjaISklvRwSv66XrdR/view; 正答: https://www.mhlw.go.jp/content/12004000/000917101.pdf,,true
2022-34-123,2022,34,123,総合問題,"次の事例を読んで，問題123から問題125までについて答えなさい。
〔事例〕
Ｆさん（50歳，女性，障害支援区分5）は，アテトーゼ型（athetosis）の脳性麻痺（cerebral palsy）による四肢・体幹機能障害がある。居宅介護を利用し，入浴の支援を受けながら母親（79歳）と暮らしていた。Ｆさんは障害基礎年金1級を受給していて，Ｆさん名義の貯蓄がある。金銭管理は母親が行っていた。Ｆさんは，3年前に誤嚥性肺炎（aspiration pneumonia）で入院したことがある。言語障害があり，慣れた人でないと言葉が聞き取りにくい。自宅では車いすに乗り，足で床を蹴って移動し，屋外は母親が車いすを押していた。Ｆさんは自宅内の移動以外の日常生活については，母親から全面的に介護を受けて生活していた。最近，日中活動の場と短期入所（ショートステイ）の利用について，市の障害福祉課に相談するようになった。ところが，母親が持病の心疾患（heart disease）で亡くなり，市の障害福祉課がＦさんと当面の生活について検討することになった。Ｆさんは1人で生活することは難しいと思い，施設入所を希望している。
Ｆさんの脳性麻痺（cerebral palsy）の特徴に関する次の記述のうち，最も適切なものを1つ選びなさい。",強い筋緊張から，四肢の突っ張りが強い。,不随意運動が生じて，運動コントロールが困難になる。,文字の読みの不正確さがあり，読んだ内容を理解しにくい。,動作は緩慢で，表情が乏しくなる。,着衣失行が生じる。,2,,公益財団法人 社会福祉振興・試験センター 第34回（令和3年度）介護福祉士国家試験; 問題: https://drive.google.com/file/d/19u-KY0W0vdr8v-XjaISklvRwSv66XrdR/view; 正答: https://www.mhlw.go.jp/content/12004000/000917101.pdf,,true
2022-34-124,2022,34,124,総合問題,"次の事例を読んで，問題123から問題125までについて答えなさい。
〔事例〕
Ｆさん（50歳，女性，障害支援区分5）は，アテトーゼ型（athetosis）の脳性麻痺（cerebral palsy）による四肢・体幹機能障害がある。居宅介護を利用し，入浴の支援を受けながら母親（79歳）と暮らしていた。Ｆさんは障害基礎年金1級を受給していて，Ｆさん名義の貯蓄がある。金銭管理は母親が行っていた。Ｆさんは，3年前に誤嚥性肺炎（aspiration pneumonia）で入院したことがある。言語障害があり，慣れた人でないと言葉が聞き取りにくい。自宅では車いすに乗り，足で床を蹴って移動し，屋外は母親が車いすを押していた。Ｆさんは自宅内の移動以外の日常生活については，母親から全面的に介護を受けて生活していた。最近，日中活動の場と短期入所（ショートステイ）の利用について，市の障害福祉課に相談するようになった。ところが，母親が持病の心疾患（heart disease）で亡くなり，市の障害福祉課がＦさんと当面の生活について検討することになった。Ｆさんは1人で生活することは難しいと思い，施設入所を希望している。
Ｆさんは，障害者支援施設に入所できることになり，アセスメント（assessment）が行われた。相談支援専門員は，Ｆさんの希望をもとに，これまでの生活状況と身体の様子等から，もう少し本人にできることがあるのではないかと考え，「障害者支援施設で施設入所支援と生活介護を利用しながら，将来の生活を考える」という方針を立てた。また，長期目標を，「自分に適した介護を受けながら，様々な生活経験を積む」とした。
Ｆさんの短期目標として，最も適切なものを1つ選びなさい。",入浴時に自分でからだを洗えるようになる。,毎日字を書く練習を行い，筆談で会話ができるようになる。,施設内は，車いす介助を受けながら安全に移動する。,経管栄養で食事がとれるようになる。,日中活動として外出や興味のあるグループ活動に参加する。,5,,公益財団法人 社会福祉振興・試験センター 第34回（令和3年度）介護福祉士国家試験; 問題: https://drive.google.com/file/d/19u-KY0W0vdr8v-XjaISklvRwSv66XrdR/view; 正答: https://www.mhlw.go.jp/content/12004000/000917101.pdf,,true
2022-34-125,2022,34,125,総合問題,"次の事例を読んで，問題123から問題125までについて答えなさい。
〔事例〕
Ｆさん（50歳，女性，障害支援区分5）は，アテトーゼ型（athetosis）の脳性麻痺（cerebral palsy）による四肢・体幹機能障害がある。居宅介護を利用し，入浴の支援を受けながら母親（79歳）と暮らしていた。Ｆさんは障害基礎年金1級を受給していて，Ｆさん名義の貯蓄がある。金銭管理は母親が行っていた。Ｆさんは，3年前に誤嚥性肺炎（aspiration pneumonia）で入院したことがある。言語障害があり，慣れた人でないと言葉が聞き取りにくい。自宅では車いすに乗り，足で床を蹴って移動し，屋外は母親が車いすを押していた。Ｆさんは自宅内の移動以外の日常生活については，母親から全面的に介護を受けて生活していた。最近，日中活動の場と短期入所（ショートステイ）の利用について，市の障害福祉課に相談するようになった。ところが，母親が持病の心疾患（heart disease）で亡くなり，市の障害福祉課がＦさんと当面の生活について検討することになった。Ｆさんは1人で生活することは難しいと思い，施設入所を希望している。
入所してから3か月が経ち，支援の見直しが行われた。Ｆさんは施設生活にも慣れ，相談できる人も増えている。また，「自分でお小遣いを使えるようになりたい」と言い，外出時に必要なお金を介護福祉職と一緒に考えるようになった。将来の地域生活を考えて，社会福祉協議会の金銭管理に切り替えることが検討された。
Ｆさんが活用できる社会福祉協議会が行う金銭管理として，最も適切なものを1つ選びなさい。",日常生活自立支援事業,生活福祉資金,自立訓練,生活困窮者家計改善支援事業,自発的活動支援事業,1,,公益財団法人 社会福祉振興・試験センター 第34回（令和3年度）介護福祉士国家試験; 問題: https://drive.google.com/file/d/19u-KY0W0vdr8v-XjaISklvRwSv66XrdR/view; 正答: https://www.mhlw.go.jp/content/12004000/000917101.pdf,,true
