index,id,examYear,examRound,questionNumber,category,questionText,choice1,choice2,choice3,choice4,choice5,correctChoice,explanation,source,keywords,needsLegalReview
0,2022-34-001,2022,34,1,人間の尊厳と自立,著書『ケアの本質－生きることの意味』の中で，「一人の人格をケアするとは， 最も深い意味で，その人が 成長 すること，自己実現することをたすけることである」と述べた人物として，正しいものを 1 つ選びなさい。,神谷美恵子,糸賀一雄,"フローレンス・ナイチンゲール（Nightingale, F.）","ミルトン・メイヤロフ（Mayeroff, M.）","ベンクト・ニィリエ（Nirje, B.）",4,正解は4です。ミルトン・メイヤロフは『ケアの本質』で、ケアを相手の成長や自己実現を助ける営みとして論じました。,公益財団法人 社会福祉振興・試験センター 第34回（令和3年度）介護福祉士国家試験; 問題: ユーザー提供PDF; 正答: https://www.mhlw.go.jp/content/12004000/000917101.pdf,,False
1,2022-34-002,2022,34,2,人間の尊厳と自立,Ａさん（80 歳，女性，要介護 1）は， 筋力や理解力の低下がみられ，訪問介護（ホームヘルプサービス）を利用している。訪問介護員（ホームヘルパー）がいない時間帯は，同居している長男（53 歳，無職）に頼って生活をしている。 長男 はＡさんの年金で生計を立てていて，ほとんど 外出 しないで家にいる。ある時，Ａさんは訪問介護員（ホームヘルパー）に，「 長男は暴力 がひどくてね。この 間も殴られて，とても怖かった。 長男 には言わないでね。あとで何かわからないから」と話した。訪問介護員（ホームヘルパー）は，Ａさんのからだに複数のあざがあることを確認した。訪問介護員（ホームヘルパー）の対応に関する次の記述のうち， 最も適切なものを 1 つ選びなさい。,長男の虐待を疑い，上司に報告し，市町村に通報する。,長男 の仕事が見つかるようにハローワークを 紹介 する。,Ａさんの気持ちを大切にして何もしない。,すぐに 長男 を別室に呼び，事実を確認する。,長男の暴力 に気づいたかを近所の人に確認する。,1,正解は1です。高齢者虐待が疑われる場合、介護職は一人で抱え込まず上司へ報告し、市町村への通報につなげます。本人が口止めを求めていても、安全確保が優先されます。 ※制度・基準・統計は改正や更新があり得るため、受験時点の最新情報も確認してください。,公益財団法人 社会福祉振興・試験センター 第34回（令和3年度）介護福祉士国家試験; 問題: ユーザー提供PDF; 正答: https://www.mhlw.go.jp/content/12004000/000917101.pdf,,True
2,2022-34-003,2022,34,3,人間関係とコミュニケーション,介護福祉職はＢさんから，「認知症（dementia）の母の介護がなぜかうまくいかない。深夜に徘徊するので，心身共に疲れてきた」と相談された。介護福祉職は，「落ち込んでいてはダメですよ。元気を出して頑張ってください」とＢさんに言った。後日，介護福祉職はＢさんに対する自身の発言を振り返り，不適切だったと反省した。介護福祉職はＢさんに対してどのような返答をすればよかったのか， 最も適切なものを 1 つ選びなさい。,「お母さんに施設へ 入所 してもらうことを検討してはどうですか」,「 私も疲れているので，よくわかります」,「認知症（dementia）の方を介護しているご家族は，皆さん疲れていますよ」,「近所の人に助けてもらえるように， 私から言っておきます」,「お母さんのために頑張ってきたんですね」,5,正解は5です。まず家族のつらさやこれまでの努力を受け止める共感的な応答が大切です。すぐに解決策を提示するより、相手の気持ちを理解していることを伝えます。,公益財団法人 社会福祉振興・試験センター 第34回（令和3年度）介護福祉士国家試験; 問題: ユーザー提供PDF; 正答: https://www.mhlw.go.jp/content/12004000/000917101.pdf,,False
3,2022-34-004,2022,34,4,人間関係とコミュニケーション,利用者とのコミュニケーション場面で，介護福祉職が 行う自己開示の目的として， 最も適切なものを 1 つ選びなさい。,ジョハリの窓（Johari Window）の「開放された部分（open area）」を狭に 行う。,利用者との信頼関係を形成するために 行う。,利用者が自分自身の 情報 を開示するために 行う。,利用者との信頼関係を評価するために 行う。,自己を深く分析し，客観的に理解するために 行う。,2,正解は2です。適切な自己開示は、介護職自身の情報を必要な範囲で伝えることで利用者との信頼関係形成に役立ちます。,公益財団法人 社会福祉振興・試験センター 第34回（令和3年度）介護福祉士国家試験; 問題: ユーザー提供PDF; 正答: https://www.mhlw.go.jp/content/12004000/000917101.pdf,,False
4,2022-34-005,2022,34,5,社会の理解,2016 年（平成 28 年）に閣議決定された，「ニッポン一億総活躍プラン」にある「地域共生社会の実現」に関する記述として， 最も適切なものを 1 つ選びなさい。,日本型福祉社会の創造,我が事・丸ごとの地域づくり,健康で文化的な最低限度の生活の保障,社会保障と税の一体改革,皆保険・皆年金体制の実現,2,正解は2です。「地域共生社会」の実現では、住民一人ひとりが地域課題を『我が事』として捉え、分野を越えて『丸ごと』支える地域づくりが示されました。,公益財団法人 社会福祉振興・試験センター 第34回（令和3年度）介護福祉士国家試験; 問題: ユーザー提供PDF; 正答: https://www.mhlw.go.jp/content/12004000/000917101.pdf,,False
5,2022-34-006,2022,34,6,社会の理解,2019 年（平成 31 年，令和元年）の日本の世帯に関する次の記述のうち，正しいものを 1 つ選びなさい。,平均世帯人員は， 3 人を超えている。,世帯数で 最も多いのは， 2人世帯である。,単独世帯で 最も多いのは，高齢者の単独世帯である。,母子世帯数と父子世帯数を合算すると，高齢者世帯数を超える。,全国の世帯総数は， 7 千万を超えている。,2,正解は2です。2019年の国民生活基礎調査では、世帯人員別では2人世帯が最も多いという結果でした。統計問題は調査年を確認して覚えることが重要です。,公益財団法人 社会福祉振興・試験センター 第34回（令和3年度）介護福祉士国家試験; 問題: ユーザー提供PDF; 正答: https://www.mhlw.go.jp/content/12004000/000917101.pdf,,False
6,2022-34-007,2022,34,7,社会の理解,2015 年（平成 27 年）以降の日本の社会福祉を取り巻く 環境 に関する次記述のうち，適切なものを 1 つ選びなさい。,人口は，増加傾向にある。,共働 き世帯数は，減少傾向にある。,非正規雇用労働者数は，減少傾向にある。,高齢世代を支える現役世代（生産年齢人口）は，減少傾向にある。,日本の国民負担率は，ＯＥＣＤ加盟国の中では上位にある。（注） ＯＥＣＤとは，経済協力開発機構（Organisation for Economic Co-operationand Development）のことで，2020 年（令和2年）現在 38 か国が加盟している。,4,正解は4です。少子高齢化の進行により、生産年齢人口は減少傾向にあります。高齢世代を支える現役世代の減少は社会保障上の重要課題です。,公益財団法人 社会福祉振興・試験センター 第34回（令和3年度）介護福祉士国家試験; 問題: ユーザー提供PDF; 正答: https://www.mhlw.go.jp/content/12004000/000917101.pdf,,False
7,2022-34-008,2022,34,8,社会の理解,次のうち，2020 年（令和2年）の社会福祉法等の改正に関する記述として，最も適切なものを 1 つ選びなさい。,市町村による地域福祉計画の策定,入所施設の重点的な拡充,医療・介護のデータ基盤の整備の推進,市町村直営の介護サービス事業の整備拡充,ロボット等の機械の活用から人によるケアへの転換（注） 2020 年（令和2年）の社会福祉法等の改正とは，「地域共生社会の実現のための社会福祉法等の一部を改正する法律（令和2年法律第 52 号）」をいう。,3,正解は3です。2020年の社会福祉法等改正では、地域共生社会の実現に向けた包括的支援体制とともに、医療・介護分野のデータ基盤整備などが進められました。 ※制度・基準・統計は改正や更新があり得るため、受験時点の最新情報も確認してください。,公益財団法人 社会福祉振興・試験センター 第34回（令和3年度）介護福祉士国家試験; 問題: ユーザー提供PDF; 正答: https://www.mhlw.go.jp/content/12004000/000917101.pdf,,True
8,2022-34-009,2022,34,9,社会の理解,Ｃさん（78 歳，男性，要支援 1）は，公的年金（月額 19 万円）で公営住宅の,認知症対応型共同生活介護（認知症高齢者グループホーム）,介護付有料老人ホーム,階で一人暮らしをしている。妻と死別後も通所型サービスを利用し，自炊を楽みながら生活している。最近，膝の具合がよくないこともあり，階段の上り下負担になってきた。そこで，転居について，通所型サービスのＤ介護福祉士に相談をした。次のうち，Ｄ介護福祉士がＣさんに 紹介 する住まいの場として， 最も適切なものを 1 つ選びなさい。軽費老人ホームＡ型,サービス付き高齢者向け 住宅,養護老人ホーム,4,正解は4です。サービス付き高齢者向け住宅は、比較的自立度が高い高齢者も入居しやすく、バリアフリーや安否確認・生活相談などを備える住まいです。 ※制度・基準・統計は改正や更新があり得るため、受験時点の最新情報も確認してください。,公益財団法人 社会福祉振興・試験センター 第34回（令和3年度）介護福祉士国家試験; 問題: ユーザー提供PDF; 正答: https://www.mhlw.go.jp/content/12004000/000917101.pdf,,True
9,2022-34-010,2022,34,10,社会の理解,介護保険制度の保険給付の財源構成として，適切なものを 1 つ選びなさい。,保険料,公費,公費，保険料，現役世代からの支援金,公費，第一号保険料,公費，第一号保険料，第二号保険料,5,正解は5です。介護保険の保険給付は、公費と第1号被保険者・第2号被保険者の保険料で賄われます。 ※制度・基準・統計は改正や更新があり得るため、受験時点の最新情報も確認してください。,公益財団法人 社会福祉振興・試験センター 第34回（令和3年度）介護福祉士国家試験; 問題: ユーザー提供PDF; 正答: https://www.mhlw.go.jp/content/12004000/000917101.pdf,,True
10,2022-34-011,2022,34,11,社会の理解,「2016 年（平成 28 年）生活のしづらさなどに関する調査（全国在宅障害児・者等実態調査）」（厚生労働省）における身体障害，知的障害，精神障害の近年の状況 に関する次の記述のうち，正しいものを 1 つ選びなさい。,最も人数の多い 障害 は，知的障害である。,施設入所者の割合が 最も高い 障害 は，身体障害である。,在宅の身体障害者のうち，65 歳以上の割合は 7 割を超えている。,在宅の知的障害者の数は，減少傾向にある。,精神障害者の 8 割は，精神障害者保健福祉手帳を所持している。,3,正解は3です。2016年調査では、在宅の身体障害者は高齢者の割合が高く、65歳以上が7割を超えていました。統計は調査年と対象をセットで確認します。 ※制度・基準・統計は改正や更新があり得るため、受験時点の最新情報も確認してください。,公益財団法人 社会福祉振興・試験センター 第34回（令和3年度）介護福祉士国家試験; 問題: ユーザー提供PDF; 正答: https://www.mhlw.go.jp/content/12004000/000917101.pdf,,True
11,2022-34-012,2022,34,12,社会の理解,Ｅさん（30 歳，女性，知的障害，障害支援区分 2）は，現在， 日中 は特例子会社で 働き，共同生活援助（グループホーム）で生活している。今後，一人暮らしをしたいと思っているが，初めてなので不安もある。次のうち，Ｅさんが安心して一人暮らしをするために利用するサービスとして，適切なものを 1 つ選びなさい。,行動援護,同行援護,自立訓練（機能訓練）,自立生活援助,就労継続支援,4,正解は4です。自立生活援助は、障害者が一人暮らしへ移行・継続するときに、定期的な訪問や相談対応などで地域生活を支えるサービスです。,公益財団法人 社会福祉振興・試験センター 第34回（令和3年度）介護福祉士国家試験; 問題: ユーザー提供PDF; 正答: https://www.mhlw.go.jp/content/12004000/000917101.pdf,,False
12,2022-34-013,2022,34,13,社会の理解,重度訪問介護に関する次の記述のうち，適切なものを 1 つ選びなさい。,外出時における移動中の介護も含まれる。,知的障害者は 対象 にならない。,利用者が医療機関に 入院 した場合，医療機関で支援することはできない。,訪問看護の利用者は 対象 にならない。,障害 が視覚障害のみの場合でも利用できる。,1,正解は1です。重度訪問介護には、居宅での介護だけでなく外出時の移動中の介護も含まれます。,公益財団法人 社会福祉振興・試験センター 第34回（令和3年度）介護福祉士国家試験; 問題: ユーザー提供PDF; 正答: https://www.mhlw.go.jp/content/12004000/000917101.pdf,,False
13,2022-34-014,2022,34,14,社会の理解,「成年後見関係事件の 概況（令和2年,月～12 月）」（最高裁判所事務総局家庭局）における，成年後見人等として活動している人が 最も多い 職種 として，正しいものを 1 つ選びなさい。行政書士,司法書士,社会保険労務士,精神保健福祉士,税理士,2,正解は2です。成年後見人等として活動する専門職のうち、この調査時点で最も多かったのは司法書士です。 ※制度・基準・統計は改正や更新があり得るため、受験時点の最新情報も確認してください。,公益財団法人 社会福祉振興・試験センター 第34回（令和3年度）介護福祉士国家試験; 問題: ユーザー提供PDF; 正答: https://www.mhlw.go.jp/content/12004000/000917101.pdf,,True
14,2022-34-015,2022,34,15,社会の理解,保健所に関する次の記述のうち，正しいものを 1 つ選びなさい。,保健所の設置は，医療法によって定められている。,保健所は，全ての市町村に設置が義務づけられている。,保健所は，医療法人によって運営されている。,保健所の 所長 は，保健師でなければならない。,保健所は，結核（tuberculosis）などの感染症の予防や対策を 行う。,5,正解は5です。保健所は地域保健法に基づき設置され、感染症対策、結核対策、食品衛生、精神保健など広域的・専門的な保健業務を担います。,公益財団法人 社会福祉振興・試験センター 第34回（令和3年度）介護福祉士国家試験; 問題: ユーザー提供PDF; 正答: https://www.mhlw.go.jp/content/12004000/000917101.pdf,,False
15,2022-34-016,2022,34,16,社会の理解,生活保護制度に関する次の記述のうち， 最も適切なものを 1 つ選い。,生活保護の給付方法には，金銭給付と現物給付がある。,生活保護の申請は，民生委員が 行う。,生活保護法は，日本国憲法第 13 条にある幸福追求権の実現を目的としている。,生活保護を担当する 職員 は，社会福祉士の資格が必要である。,生活保護の費用は，国が全額を負担する。＜ 領域 ：介護＞,1,正解は1です。生活保護には生活扶助などの金銭給付と、医療扶助などの現物給付があります。 ※制度・基準・統計は改正や更新があり得るため、受験時点の最新情報も確認してください。,公益財団法人 社会福祉振興・試験センター 第34回（令和3年度）介護福祉士国家試験; 問題: ユーザー提供PDF; 正答: https://www.mhlw.go.jp/content/12004000/000917101.pdf,,True
16,2022-34-017,2022,34,17,介護の基本,Ｆさん（66 歳，戸籍上の性別は男性，要介護 3）は，性同一性障害であることを理由に施設利用を避けてきた。最近，数年前の脳卒中（stroke）の後遺症がひどくなり，一人暮らしが 難しくなってきた。Ｆさんは，担当の訪問介護員（ホームヘルパー）に施設入所について，「性同一性障害でも施設に受け入でしょうか」と相談した。訪問介護員（ホームヘルパー）の応答として， 最も適切なものを 1 つ選びなさい。,「居室の 表札 は，通称名ではなく戸籍上の名前になります」,「多床室になる場合がありますよ」,「施設での生活で心配なことは何ですか」,「トイレや 入浴 については問題がありますね」,「同性による介護が原則です」,3,正解は3です。まず本人が施設生活で何を心配しているのかを確認し、本人の意向や尊厳に沿って必要な配慮を考えることが重要です。,公益財団法人 社会福祉振興・試験センター 第34回（令和3年度）介護福祉士国家試験; 問題: ユーザー提供PDF; 正答: https://www.mhlw.go.jp/content/12004000/000917101.pdf,,False
17,2022-34-018,2022,34,18,介護の基本,利用者主体の 考えに基づいた介護福祉職の対応に関する次の記述のうち，最も適切なものを 1 つ選びなさい。,1人で衣服を選ぶことが 難しい利用者には，毎日の衣服を自分で選声かけをする。,食べこぼしが多い利用者には，こぼさないように全介助する。,認知症（dementia）の利用者には，排泄の感覚があっても，定時に排泄の介護を行う。,転倒しやすい利用者には，事故防止のため立ち上がらないように声をかける。,入浴が自立している利用者も，危険を避けるため個別浴ではなく集団での 入浴とする。,1,正解は1です。利用者主体の介護では、できることを奪わず、本人が選択・決定できるよう声をかけて支援します。,公益財団法人 社会福祉振興・試験センター 第34回（令和3年度）介護福祉士国家試験; 問題: ユーザー提供PDF; 正答: https://www.mhlw.go.jp/content/12004000/000917101.pdf,,False
18,2022-34-019,2022,34,19,介護の基本,利用者の自立支援に関する次の記述のうち， 最も適切なものを 1 つ選なさい。,利用者の最期の迎え方を決めるのは，家族である。,利用者が話しやすいように， 愛称 で呼ぶ。,利用者が自分でできないことは，できるまで見守る。,利用者の生活のスケジュールを決めるのは，介護福祉職である。,利用者の意見や希望を取り入れて介護を 提供 する。,5,正解は5です。自立支援では、利用者自身の意見や希望を介護に反映し、その人らしい生活を支えることが基本です。,公益財団法人 社会福祉振興・試験センター 第34回（令和3年度）介護福祉士国家試験; 問題: ユーザー提供PDF; 正答: https://www.mhlw.go.jp/content/12004000/000917101.pdf,,False
19,2022-34-020,2022,34,20,介護の基本,Ｇさん（70 歳，男性，要介護 2）は，パーキンソン 病（Parkinson disease）と診断されていて， 外出 するときは 車いすを使用している。歩行が不安定なため，週,パーキンソン 病（Parkinson disease）,"回通所リハビリテーションを利用している。Ｇさんは， 1 年前に妻が亡り，息子と二人暮らしである。Ｇさんは社交的な性格で地域住民との 交流 を望でいるが，自宅周辺は坂道や段差が多くて移動が 難しく， 交流 ができていない。Ｇさんの 状況 をＩＣＦ（International Classification of Functioning, Disabilityand Health：国際生活機能分類）で 考えた場合，参加制約の原因になっている環境因子として， 最も適切なものを 1 つ選びなさい。不安定な歩行",息子と二人暮らし,自宅周辺の坂道や段差,車,4,正解は4です。ICFの環境因子には、建物・道路・段差など本人を取り巻く物理的環境が含まれます。自宅周辺の坂道や段差は参加を妨げる環境因子です。,公益財団法人 社会福祉振興・試験センター 第34回（令和3年度）介護福祉士国家試験; 問題: ユーザー提供PDF; 正答: https://www.mhlw.go.jp/content/12004000/000917101.pdf,,False
20,2022-34-021,2022,34,21,介護の基本,Ｈさん（75 歳，女性，要介護 2）は，孫（17 歳，男性，高校生）と自宅で二人暮らしをしている。Ｈさんは関節疾患（joint disease）があり，通所リハビリテーションの利用を開始した。介護福祉職が送迎時に孫から，「祖母は，日常生活が 難しくなり，自分が食事を作るなどの機会が増え，家事や 勉強 への不安がある」と相談された。介護福祉職の孫への対応として， 最も適切なものを 1 つ選びなさい。,「今までお世話になったのですから，今度はＨさんを支えてください」,「家事が大変なら，Ｈさんに介護老人福祉施設の 入所 を勧めましょう」,「高校の先生や介護支援専門員（ケアマネジャー）に相談していきましょう」,「家でもリハビリテーションを一緒にしてください」,「近所の人に家事を手伝ってもらってください」,3,正解は3です。高校生の孫が介護を担う状況はヤングケアラーの視点も必要です。学校やケアマネジャーなど関係者と連携し、孫の生活や学業も支えます。,公益財団法人 社会福祉振興・試験センター 第34回（令和3年度）介護福祉士国家試験; 問題: ユーザー提供PDF; 正答: https://www.mhlw.go.jp/content/12004000/000917101.pdf,,False
21,2022-34-022,2022,34,22,介護の基本,介護保険制度のサービス担当者会議に関する次の記述のうち， 最も適切なものを 1 つ選びなさい。,会議の 招集 は介護支援専門員（ケアマネジャー）の職務である。回以上の頻度で開催することが義務づけられている。,利用者の自宅で開催することが義務づけられている。,月,サービス提供者の実践力の向上 を目的とする。,利用者の氏名は匿名化される。,1,正解は1です。サービス担当者会議は、ケアマネジャーが招集し、利用者・家族や各サービス担当者とケアプランの内容を検討します。 ※制度・基準・統計は改正や更新があり得るため、受験時点の最新情報も確認してください。,公益財団法人 社会福祉振興・試験センター 第34回（令和3年度）介護福祉士国家試験; 問題: ユーザー提供PDF; 正答: https://www.mhlw.go.jp/content/12004000/000917101.pdf,,True
22,2022-34-023,2022,34,23,介護の基本,社会資源に関する次の記述のうち，フォーマルサービスに該当するものとして，適切なものを 1 つ選びなさい。,一人暮らしの高齢者への見守りを 行う地域住民,買物を手伝ってくれる家族,ゴミ拾いのボランティア活動を 行う学生サークル,友人や知人と 行う相互扶助の活動,介護の相談を受ける地域包括支援センター,5,正解は5です。地域包括支援センターは公的制度に位置づけられたフォーマルな社会資源です。家族・友人・近隣住民などの支援はインフォーマルな資源です。,公益財団法人 社会福祉振興・試験センター 第34回（令和3年度）介護福祉士国家試験; 問題: ユーザー提供PDF; 正答: https://www.mhlw.go.jp/content/12004000/000917101.pdf,,False
23,2022-34-024,2022,34,24,介護の基本,介護福祉士の職業倫理に関する次の記述のうち， 最も適切なものを 1 つ選びなさい。,介護が必要な人を 対象 にしているため，地域住民との連携は不要である。,全ての人々が質の高い介護を受けることができるように，後継者を育成する。,利用者のためによいと 考えた介護を画一的に実践する。,利用者に関する 情報 は，業務以外では 公表 してよい。,利用者の価値観よりも，介護福祉士の価値観を優先する。,2,正解は2です。介護福祉士の職業倫理には、専門性の向上とともに後継者育成を通じて介護の質を高める責務があります。,公益財団法人 社会福祉振興・試験センター 第34回（令和3年度）介護福祉士国家試験; 問題: ユーザー提供PDF; 正答: https://www.mhlw.go.jp/content/12004000/000917101.pdf,,False
24,2022-34-025,2022,34,25,介護の基本,施設における利用者の個人情報の安全管理対策として， 最も適切なものを 1 つ選びなさい。,介護福祉職が個人所有するスマートフォンの居室への持込みは制限しない。,不要な個人情報を破棄する場合は，万が一に備えて復元できるようにしておく。,利用者からの照会に速やかに応じるために，整理用のインデックス（index）は使用しない。,個人情報に関する苦情対応体制について，施設の掲示板等で利用者に周知徹底する。,個人情報の盗難を防ぐために， 職員の休憩室に監視カメラを設置する。,4,正解は4です。個人情報に関する苦情相談窓口や対応体制を利用者に周知することは、適切な安全管理・権利擁護につながります。 ※制度・基準・統計は改正や更新があり得るため、受験時点の最新情報も確認してください。,公益財団法人 社会福祉振興・試験センター 第34回（令和3年度）介護福祉士国家試験; 問題: ユーザー提供PDF; 正答: https://www.mhlw.go.jp/content/12004000/000917101.pdf,,True
25,2022-34-026,2022,34,26,介護の基本,訪問介護員（ホームヘルパー）が，利用者や家族からハラスメント（harassment）を受けたときの対応に関する次の記述のうち， 最も適切なものを 1つ選びなさい。,利用者に後ろから 急に抱きつかれたが，黙って耐えた。,利用者から 暴力 を受けたので，「やめてください」と伝え，上司に相談した。,利用者が繰り返す性的な 話を，苦痛だが笑顔で聞いた。,家族から暴言を受けたが，担当なのでそのまま利用者宅に通った。,家族からサービス外のことを頼まれて， 断ったら怒鳴られたので実施した。,2,正解は2です。ハラスメントを受けたときは我慢せず、拒否の意思を示して上司や組織に相談し、組織的に対応します。,公益財団法人 社会福祉振興・試験センター 第34回（令和3年度）介護福祉士国家試験; 問題: ユーザー提供PDF; 正答: https://www.mhlw.go.jp/content/12004000/000917101.pdf,,False
26,2022-34-027,2022,34,27,コミュニケーション技術,介護福祉職が利用者とコミュニケーションをとるときの基本的な態度として， 最も適切なものを 1 つ選びなさい。,上半身を少し利用者のほうへ 傾けた姿勢で 話を聞く。,利用者の 正面 に立って話し続ける。,腕を組んで 話を聞く。,利用者の目を見つめ続ける。,緊張感が伝わるように，背筋を伸ばす。,1,正解は1です。少し前傾して相手に身体を向ける姿勢は『あなたの話を聴いている』という受容的態度を示します。,公益財団法人 社会福祉振興・試験センター 第34回（令和3年度）介護福祉士国家試験; 問題: ユーザー提供PDF; 正答: https://www.mhlw.go.jp/content/12004000/000917101.pdf,,False
27,2022-34-028,2022,34,28,コミュニケーション技術,介護 福 祉 職 に よ る ア サ ー テ ィ ブ・ コ ミ ュ ニ ケ ー シ ョ ン（assertivecommunication）として， 最も適切なものを 1 つ選びなさい。,利用者の 要求 は，何も言わずにそのまま受け入れる。,利用者から苦情を言われたときは，沈黙して我慢する。,利用者を説得して介護福祉職の都合に合わせてもらう。,介護福祉職の提案に 従うことが利用者の利益になると伝える。,利用者の思いを 尊重 しながら，介護福祉職の意見を 率直 に伝える。,5,正解は5です。アサーティブ・コミュニケーションは、相手を尊重しながら自分の意見や気持ちも率直に伝える方法です。,公益財団法人 社会福祉振興・試験センター 第34回（令和3年度）介護福祉士国家試験; 問題: ユーザー提供PDF; 正答: https://www.mhlw.go.jp/content/12004000/000917101.pdf,,False
28,2022-34-029,2022,34,29,コミュニケーション技術,"次の事例を読んで，問題 29，問題 30 について答えなさい。〔事例〕Ｊさん（75 歳，男性）は先天性の全盲である。これまで自宅で自立した生活をしてきたが，最近，心身機能の 衰えを感じて，有料老人ホームに 入居 した。施設での生活にまだ慣れていないので，移動は介護福祉職に誘導してもらっている。ある日，介護福祉職がＪさんを自室まで誘導したときに，「いつも手伝ってもらってすみません。なかなか場所を覚えられなくて。 私か」と話してきた。
Ｊさんの発言への介護福祉職の共感的理解を示す対応として， 最も適切なものを 1 つ選びなさい。",Ｊさんの発言にうなずく。,Ｊさんの発言のあと沈黙する。,Ｊさんの 話の内容を 短くまとめて伝える。,Ｊさんの立場に立って 感情 を推し測り，言葉で 表現 して伝える。,Ｊさんの気持ちが前向きになるように，励ましの言葉を伝える。,4,正解は4です。共感的理解では、相手の立場に立って感情を推し量り、その理解を言葉で返します。,公益財団法人 社会福祉振興・試験センター 第34回（令和3年度）介護福祉士国家試験; 問題: ユーザー提供PDF; 正答: https://www.mhlw.go.jp/content/12004000/000917101.pdf,,False
29,2022-34-030,2022,34,30,コミュニケーション技術,"次の事例を読んで，問題 29，問題 30 について答えなさい。〔事例〕Ｊさん（75 歳，男性）は先天性の全盲である。これまで自宅で自立した生活をしてきたが，最近，心身機能の 衰えを感じて，有料老人ホームに 入居 した。施設での生活にまだ慣れていないので，移動は介護福祉職に誘導してもらっている。ある日，介護福祉職がＪさんを自室まで誘導したときに，「いつも手伝ってもらってすみません。なかなか場所を覚えられなくて。 私か」と話してきた。
Ｊさんの不安な気持ちを軽くするための介護福祉職の対応として， 最適切なものを 1 つ選びなさい。",いきなり声をかけると 驚くので，肩にふれてから挨拶をする。,誘導時の声かけは歩行の 妨げになるので，最小限にする。,角を曲がるときには，「こちらに」と方向を伝える。,トイレや 食堂 などを，一緒に歩きながら確認する。,食堂 の座席は，Ｊさんの好きなところに座るように伝える。,4,正解は4です。視覚障害のある人が新しい環境を覚えるには、実際に一緒に歩きながら場所や経路を確認することが有効です。,公益財団法人 社会福祉振興・試験センター 第34回（令和3年度）介護福祉士国家試験; 問題: ユーザー提供PDF; 正答: https://www.mhlw.go.jp/content/12004000/000917101.pdf,,False
30,2022-34-031,2022,34,31,コミュニケーション技術,"次の事例を読んで，問題 31，問題 32 について答えなさい。〔事例〕Ｋさん（83 歳，女性，要介護 3）は，10 年前の脳出血（cerebral hemorrhage）による後遺症で高次脳機能障害（higher brain dysfunction）がある。 感情 のコントロールが 難しく，興奮すると大声をあげて怒りだす。現在は，訪問介護（ホームヘルプサービス）を利用しながら，自宅で 長男（60 歳）と二人暮らしをしている。長男 は，会社を 3 年前に早期退職し，Ｋさんの介護に専念してきた。顔色が悪く，介護による疲労を 訴えているが，「介護を続けて，母を自宅で看取りたい」と強く希望している。別居している長女 は， 長男の様子を心配して，「母親の施設入所の手続きを進めたい」という意向を示している。
訪問介護員（ホームヘルパー）が，興奮しているときのＫさんとコミュニケーションをとるための方法として， 最も適切なものを 1 つ選びなさい。",興奮している理由を詳しく聞く。,興奮することはよくないと説明する。,冷静になるように説得する。,事前に作成しておいた日課表に沿って活動してもらう。,場所を移動して話題を変える。,5,正解は5です。興奮しているときは刺激や話題を変え、落ち着ける環境へ移すことが有効です。説得や叱責は興奮を強めることがあります。 ※制度・基準・統計は改正や更新があり得るため、受験時点の最新情報も確認してください。,公益財団法人 社会福祉振興・試験センター 第34回（令和3年度）介護福祉士国家試験; 問題: ユーザー提供PDF; 正答: https://www.mhlw.go.jp/content/12004000/000917101.pdf,,True
31,2022-34-032,2022,34,32,コミュニケーション技術,"次の事例を読んで，問題 31，問題 32 について答えなさい。〔事例〕Ｋさん（83 歳，女性，要介護 3）は，10 年前の脳出血（cerebral hemorrhage）による後遺症で高次脳機能障害（higher brain dysfunction）がある。 感情 のコントロールが 難しく，興奮すると大声をあげて怒りだす。現在は，訪問介護（ホームヘルプサービス）を利用しながら，自宅で 長男（60 歳）と二人暮らしをしている。長男 は，会社を 3 年前に早期退職し，Ｋさんの介護に専念してきた。顔色が悪く，介護による疲労を 訴えているが，「介護を続けて，母を自宅で看取りたい」と強く希望している。別居している長女 は， 長男の様子を心配して，「母親の施設入所の手続きを進めたい」という意向を示している。
長男 に対する訪問介護員（ホームヘルパー）の対応として， 最も適切なものを 1 つ選びなさい。",長男自身の意向を変える必要はないと励ます。,Ｋさん本人の意向が不明なため， 長男 の希望は通らないと伝える。,これまでの介護をねぎらい，自宅での看取りを希望する理由を尋ねる。,自宅での生活を継続するのは限界だと説明する。,長女 の言うように，施設入所の手続きを進めることが正しいと伝える。,3,正解は3です。家族の介護負担をねぎらい、希望の背景や理由を丁寧に聴くことが意思決定支援の第一歩です。,公益財団法人 社会福祉振興・試験センター 第34回（令和3年度）介護福祉士国家試験; 問題: ユーザー提供PDF; 正答: https://www.mhlw.go.jp/content/12004000/000917101.pdf,,False
32,2022-34-033,2022,34,33,コミュニケーション技術,利用者の家族から苦情があったときの上司への報告に関する次の記述のうち， 最も適切なものを 1 つ選びなさい。,苦情の内容について，時間をかけて詳しく口頭で報告した。,すぐに口頭で概要を報告してから，文書を作成して報告した。,結論を伝えることを重視して，「いつもの苦情です」とすぐに報告した。,上司が 忙しそうだったので， 同僚 に伝えた。,自分の気持ちが落ち着いてから，翌日に報告した。,2,正解は2です。苦情など重要な情報はまず速やかに口頭で概要を報告し、その後文書で正確に記録・報告します。,公益財団法人 社会福祉振興・試験センター 第34回（令和3年度）介護福祉士国家試験; 問題: ユーザー提供PDF; 正答: https://www.mhlw.go.jp/content/12004000/000917101.pdf,,False
33,2022-34-034,2022,34,34,コミュニケーション技術,利用者の自宅で 行うケアカンファレンス（care conference）に関する次記述のうち， 最も適切なものを 1 つ選びなさい。,検討する内容は，インフォーマルなサポートに限定する。,介護福祉職の 行った介護に対する批判を 中心 に進める。,利用者本人の参加を 促し，利用者の意向をケア方針に反映させる。,意見が分かれたときは，多数決で決定する。,対立を避けるために，他の専門職の意見には反論しない。,3,正解は3です。ケアカンファレンスでは利用者本人の参加と意向を尊重し、多職種で支援方針を検討します。,公益財団法人 社会福祉振興・試験センター 第34回（令和3年度）介護福祉士国家試験; 問題: ユーザー提供PDF; 正答: https://www.mhlw.go.jp/content/12004000/000917101.pdf,,False
34,2022-34-035,2022,34,35,生活支援技術,老化に 伴う機能低下のある高齢者の住まいに関する次の記述のうち， 最も適切なものを 1 つ選びなさい。,寝室はトイレに近い場所が望ましい。,寝室は玄関と別の階にする。,夜間の騒音レベルは 80 dB 以下になるようにする。,ベッドは 照明 の真下に配置する。,壁紙と手すりは 同色 にするのが望ましい。,1,正解は1です。高齢者では夜間頻尿や移動能力低下があるため、寝室をトイレに近くすることで転倒や移動負担を減らせます。,公益財団法人 社会福祉振興・試験センター 第34回（令和3年度）介護福祉士国家試験; 問題: ユーザー提供PDF; 正答: https://www.mhlw.go.jp/content/12004000/000917101.pdf,,False
35,2022-34-036,2022,34,36,生活支援技術,Ｌさん（25 歳，男性）は，第7 胸髄節（Th7）を 損傷 したが，現在， 状態は安定していて， 車いすを利用すれば 1人で日常生活ができるようになった。図はＬさんの自宅の浴室であり，必要な手すりは既に設置されている。Ｌさんが 1人で浴槽に入るための福祉用具として， 最も適切なものを 1 つ選なさい。,段差解消機,ストレッチャー,すべり止,四点歩行器,移乗台,5,正解は5です。車いすから浴槽へ移る際、移乗台を利用すると座位のまま安全に移乗しやすくなります。,公益財団法人 社会福祉振興・試験センター 第34回（令和3年度）介護福祉士国家試験; 問題: ユーザー提供PDF; 正答: https://www.mhlw.go.jp/content/12004000/000917101.pdf,,False
36,2022-34-037,2022,34,37,生活支援技術,耳の清潔に関する介護福祉職の対応として， 最も適切なものを 1 つ選なさい。,耳垢の 状態 を観察した。,綿棒を外耳道の入口から 3 cm 程度挿入した。,耳介を上前方に軽く引きながら，耳垢を除去した。,蒸しタオルで耳垢塞栓を柔らかくして除去した。,耳かきを使用して，耳垢を毎日除去した。,1,正解は1です。耳のケアではまず耳垢の量・色・硬さや皮膚の状態を観察します。外耳道へ器具を深く入れる処置は傷害の危険があります。,公益財団法人 社会福祉振興・試験センター 第34回（令和3年度）介護福祉士国家試験; 問題: ユーザー提供PDF; 正答: https://www.mhlw.go.jp/content/12004000/000917101.pdf,,False
37,2022-34-038,2022,34,38,生活支援技術,歯ブラシを使用した口腔ケアに関する次の記述のうち， 最も適切なものを 1 つ選びなさい。,歯ブラシの毛は硬いものを勧める。,強い 力で磨く。,歯と歯肉の境目のブラッシングは避ける。,歯ブラシを小刻みに動かしながら磨く。,使用後の歯ブラシは，柄の部分を上にしてコップに入れて保管する。,4,正解は4です。歯ブラシは小刻みに動かして歯面と歯肉の境目の汚れを落とします。強い力や硬すぎる毛は歯肉を傷つけます。,公益財団法人 社会福祉振興・試験センター 第34回（令和3年度）介護福祉士国家試験; 問題: ユーザー提供PDF; 正答: https://www.mhlw.go.jp/content/12004000/000917101.pdf,,False
38,2022-34-039,2022,34,39,生活支援技術,Ｍさん（84 歳，男性）は，10 年前に脳伷塞（cerebral infarction）で右片麻痺になり，右上肢の 屈曲 拘 縮 がある。今までは自分で洋服を着ていたが， 1 週間ほど前から左肩関節の周囲に軽い痛みを感じるようになり，上着の 着脱 の介護が必要になった。Ｍさんへの上着の 着脱 の介護に関する次の記述のうち， 最も適切なものを 1 つ選びなさい。,服を脱ぐときは，右上肢から脱ぐ。,右手首に袖を通すときは，介護福祉職の指先に 力を入れて手首をつかむ。,右肘関節を伸展するときは，素早く動かす。,右肘に袖を通すときは，前腕を下から支える。,衣類を準備するときは，かぶり式のものを選択する。,4,正解は4です。麻痺側上肢に袖を通すときは、前腕を下から支えて関節へ無理な力をかけないようにします。着衣は原則として麻痺側から行います。,公益財団法人 社会福祉振興・試験センター 第34回（令和3年度）介護福祉士国家試験; 問題: ユーザー提供PDF; 正答: https://www.mhlw.go.jp/content/12004000/000917101.pdf,,False
39,2022-34-040,2022,34,40,生活支援技術,経管栄養を 行っている利用者への口腔ケアに関する次の記述のうち， 最も適切なものを 1 つ選びなさい。,スポンジブラシは水を 大量 に含ませて使用する。,上顎部は，口腔の奥から手前に向かって清拭する。,栄養剤注入後すぐに実施する。,口腔内を乾燥させて 終了 する。,空腹時の口腔ケアは避ける。,2,正解は2です。経管栄養中でも口腔内は汚れや乾燥が生じます。清拭は誤嚥に注意し、奥から手前へ汚れをかき出すように行います。,公益財団法人 社会福祉振興・試験センター 第34回（令和3年度）介護福祉士国家試験; 問題: ユーザー提供PDF; 正答: https://www.mhlw.go.jp/content/12004000/000917101.pdf,,False
40,2022-34-041,2022,34,41,生活支援技術,スライディングボードを用いた，ベッドから 車いすへの移乗の介護に関する次の記述のうち， 最も適切なものを 1 つ選びなさい。,アームサポートが固定された 車いすを準備する。,ベッドから 車いすへの移乗時には，ベッドを 車いすの座面より少し高くする。,ベッドと 車いすの 間を大きくあけ，スライディングボードを設置する。,スライディングボード 上では，臀部を素早く移動させる。,車いすに座位を安定させ，からだを 傾けずにスライディングボードを抜く。,2,正解は2です。スライディングボードでは移乗先をやや低くすると、重力を利用して少ない力で移乗しやすくなります。,公益財団法人 社会福祉振興・試験センター 第34回（令和3年度）介護福祉士国家試験; 問題: ユーザー提供PDF; 正答: https://www.mhlw.go.jp/content/12004000/000917101.pdf,,False
41,2022-34-042,2022,34,42,生活支援技術,利用者を仰臥位（背臥位）から側臥位へ体位変換するとき，トルクの原理を応用した介護方法として， 最も適切なものを 1 つ選びなさい。,利用者とベッドの接地面を広くする。,利用者の下肢を交差させる。,利用者の膝を立てる。,滑りやすいシートを利用者の下に敷く。,利用者に近づく。,3,正解は3です。膝を立てると重心から回転軸までの距離を利用しやすくなり、トルクの原理で少ない力で側臥位へ体位変換できます。 ※制度・基準・統計は改正や更新があり得るため、受験時点の最新情報も確認してください。,公益財団法人 社会福祉振興・試験センター 第34回（令和3年度）介護福祉士国家試験; 問題: ユーザー提供PDF; 正答: https://www.mhlw.go.jp/content/12004000/000917101.pdf,,True
42,2022-34-043,2022,34,43,生活支援技術,視覚障害のある利用者の 外出 に同行するときの支援に関する次の記述のうち， 最も適切なものを 1 つ選びなさい。,トイレを使用するときは，トイレ内の 情報を提供 する。,階段を上るときは，利用者の手首を握って誘導する。,狭い場所を歩くときは，利用者の後ろに立って誘導する。,タクシーに乗るときは，支援者が先に乗って誘導する。,駅ではエレベーターよりエスカレーターの使用を勧める。,1,正解は1です。視覚障害者がトイレを安全に使えるよう、便器・手すり・洗浄ボタン・ペーパーなど室内の配置を具体的に説明します。,公益財団法人 社会福祉振興・試験センター 第34回（令和3年度）介護福祉士国家試験; 問題: ユーザー提供PDF; 正答: https://www.mhlw.go.jp/content/12004000/000917101.pdf,,False
43,2022-34-044,2022,34,44,生活支援技術,Ａさん（78 歳，男性，要介護 2）は，脳伷塞（cerebral infarction）の後遺症で嚥下障害がある。自宅で妻と二人暮らしで，訪問介護（ホームヘルプサービス）を週,回利用している。訪問時，妻から，「飲み込みの 難しいときがある。上手に食べさせるにはどうしたらよいか」と相談があった。訪問介護員（ホームヘルパー）の助言として， 最も適切なものを 1 つ選びなさい。食事のときは，いすに浅く座るように勧める。,会話をしながら食事をするように勧める。,食事の後に嚥下体操をするように勧める。,肉，野菜， 魚などは軟らかく調理するように勧める。,おかずを細かく刻むように勧める。,4,正解は4です。嚥下障害では食材を軟らかく調理し、まとまりやすく飲み込みやすい形態にすることが基本です。細かく刻むだけではばらついて誤嚥しやすい場合があります。,公益財団法人 社会福祉振興・試験センター 第34回（令和3年度）介護福祉士国家試験; 問題: ユーザー提供PDF; 正答: https://www.mhlw.go.jp/content/12004000/000917101.pdf,,False
44,2022-34-045,2022,34,45,生活支援技術,慢性腎不全（chronic renal failure）の利用者の食材や調理方法として，最も適切なものを 1 つ選びなさい。,エネルギーの高い植物油を控える。,レモンや香辛料を利用し，塩分を控えた味付けにする。,肉や 魚を多めにする。,砂糖を控えた味付けにする。,野菜は生でサラダにする。,2,正解は2です。慢性腎不全では塩分制限が重要です。レモンの酸味や香辛料を活用すると、塩分を抑えても味にメリハリをつけられます。 ※制度・基準・統計は改正や更新があり得るため、受験時点の最新情報も確認してください。,公益財団法人 社会福祉振興・試験センター 第34回（令和3年度）介護福祉士国家試験; 問題: ユーザー提供PDF; 正答: https://www.mhlw.go.jp/content/12004000/000917101.pdf,,True
45,2022-34-046,2022,34,46,生活支援技術,利用者の食事支援に関して，介護福祉職が連携する職種 として， 最適切なものを 1 つ選びなさい。,スプーンや箸がうまく使えないときは，食事動作の訓練を言語聴覚士に依頼する。,咀嚼障害があるときは，義歯の 調整 を作業療法士に依頼する。,座位の保持が困難なときは，体幹訓練を理学療法士に依頼する。,摂食 ・嚥下障害があるときは，嚥下訓練を義肢装具士に依頼する。,食べ残しが目立つときは，献立や調理方法の変更を社会福祉士に依頼する。,3,正解は3です。座位保持や体幹機能など基本動作の訓練は理学療法士の専門領域です。,公益財団法人 社会福祉振興・試験センター 第34回（令和3年度）介護福祉士国家試験; 問題: ユーザー提供PDF; 正答: https://www.mhlw.go.jp/content/12004000/000917101.pdf,,False
46,2022-34-047,2022,34,47,生活支援技術,入浴 の介護に関する次の記述のうち， 最も適切なものを 1 つ選びなさい。,着替えの衣服は，介護福祉職が選択する。,空腹時の 入浴 は控える。,入浴前の水分摂取は控える。,食後1時間以内に 入浴 する。,入浴 直 前 の浴槽の湯は，45℃で保温する。,2,正解は2です。空腹時の入浴は低血糖や体調不良を起こすことがあるため避けます。入浴前後の水分補給も大切です。,公益財団法人 社会福祉振興・試験センター 第34回（令和3年度）介護福祉士国家試験; 問題: ユーザー提供PDF; 正答: https://www.mhlw.go.jp/content/12004000/000917101.pdf,,False
47,2022-34-048,2022,34,48,生活支援技術,シャワー浴の介護に関する次の記述のうち， 最も適切なものを 1 つ選なさい。,シャワーの湯温は，介護福祉職よりも先に利用者が確認する。,からだ全体にシャワーをかけるときは，上肢から先に 行う。,利用者が寒さを 訴えたときは，熱いシャワーをかける。,利用者が陰部を洗うときは，介護福祉職は背部に立って見守る。,脱衣室に移動してから，からだの水分を拭きとる。,4,正解は4です。利用者が自分で陰部を洗える場合、プライバシーを守りつつ必要時に援助できる位置で見守ります。,公益財団法人 社会福祉振興・試験センター 第34回（令和3年度）介護福祉士国家試験; 問題: ユーザー提供PDF; 正答: https://www.mhlw.go.jp/content/12004000/000917101.pdf,,False
48,2022-34-049,2022,34,49,生活支援技術,左片麻痺のある利用者が，浴槽内から一部介助で立ち上がる方法として，最も適切なものを 1 つ選びなさい。,利用者の 左膝 を立てて， 左の 踵を臀部に引き寄せてもらう。,浴槽の底面に両手を置いてもらう。,右手で手すりをつかんで前傾姿勢をとり，臀部を浮かしてもらう。,利用者の両腋窩に手を入れて支える。,素早く立ち上がるように 促す。,3,正解は3です。左片麻痺では非麻痺側の右手で手すりを持ち、前傾して重心を前方へ移すことで立ち上がりやすくなります。 ※制度・基準・統計は改正や更新があり得るため、受験時点の最新情報も確認してください。,公益財団法人 社会福祉振興・試験センター 第34回（令和3年度）介護福祉士国家試験; 問題: ユーザー提供PDF; 正答: https://www.mhlw.go.jp/content/12004000/000917101.pdf,,True
49,2022-34-050,2022,34,50,生活支援技術,入浴関連用具の使用方法に関する次の記述のうち， 最も適切なものを 1つ選びなさい。,シャワー 用車 いすは，段差に注意して移動する。,入浴 の移乗台は，浴槽よりも高く設定する。,浴槽設置式リフトは，臥位の 状態 で使用する。,入浴用介助ベルトは，利用者の胸部に 装着 する。,ストレッチャーで機械浴槽に入るときは，ストレッチャーのベルトを外す。,1,正解は1です。シャワー用車いすでの移動では小さな段差でも転倒につながるため、床面や段差に十分注意します。 ※制度・基準・統計は改正や更新があり得るため、受験時点の最新情報も確認してください。,公益財団法人 社会福祉振興・試験センター 第34回（令和3年度）介護福祉士国家試験; 問題: ユーザー提供PDF; 正答: https://www.mhlw.go.jp/content/12004000/000917101.pdf,,True
50,2022-34-051,2022,34,51,生活支援技術,便秘の傾向がある高齢者に自然排便を 促すための介護として， 最も適切なものを 1 つ選びなさい。,朝食 を抜くように勧める。,油を控えるように勧める。,散歩をするように勧める。,腰部を冷やすように勧める。,就寝前にトイレに座るように勧める。,3,正解は3です。散歩など適度な運動は腸の蠕動を促し、自然排便を促進します。規則正しい食事や水分摂取も重要です。,公益財団法人 社会福祉振興・試験センター 第34回（令和3年度）介護福祉士国家試験; 問題: ユーザー提供PDF; 正答: https://www.mhlw.go.jp/content/12004000/000917101.pdf,,False
51,2022-34-052,2022,34,52,生活支援技術,認知機能の低下による機能性尿失禁で，夜間，トイレではない場所で排尿してしまう利用者への対応として， 最も適切なものを 1 つ選びなさい。,日中，足上げ運動をする。,ズボンのゴムひもを緩いものに変える。,膀胱訓練を 行う。,排泄してしまう場所に入れないようにする。,トイレの 照明 をつけて，ドアを開けておく。,5,正解は5です。認知機能低下による機能性尿失禁では、トイレを見つけやすい環境づくりが有効です。夜間は照明をつけ、入口を分かりやすくします。,公益財団法人 社会福祉振興・試験センター 第34回（令和3年度）介護福祉士国家試験; 問題: ユーザー提供PDF; 正答: https://www.mhlw.go.jp/content/12004000/000917101.pdf,,False
52,2022-34-053,2022,34,53,生活支援技術,次の記述のうち，排泄物で汚れた衣類をタンスに隠してしまう認知症（dementia）の利用者への対応として， 最も適切なものを 1 つ選びなさい。,タンスの中に汚れた衣類を入れられる場所を確保する。,「汚れた衣類は入れないように」とタンスに貼紙をする。,トイレに行くときには，同行して近くで監視する。,つなぎ服を勧める。,隠すところを見たら，毎回注意する。,1,正解は1です。行動を一律に禁止するより、本人の行動の意味を理解し、汚れ物を入れられる場所を用意するなど尊厳を守る環境調整を行います。,公益財団法人 社会福祉振興・試験センター 第34回（令和3年度）介護福祉士国家試験; 問題: ユーザー提供PDF; 正答: https://www.mhlw.go.jp/content/12004000/000917101.pdf,,False
53,2022-34-054,2022,34,54,生活支援技術,次亜塩素酸ナトリウムを主成分とする衣類用漂白剤に関する次の記述のうち， 最も適切なものを 1 つ選びなさい。,全ての白物の 漂白 に使用できる。,色柄物の 漂白 に適している。,熱湯で薄めて用いる。,手指の 消毒 に適している。,衣類の除菌効果がある。,5,正解は5です。次亜塩素酸ナトリウム系漂白剤には漂白に加えて除菌効果があります。素材や色柄によって使用できない衣類があるため表示確認が必要です。,公益財団法人 社会福祉振興・試験センター 第34回（令和3年度）介護福祉士国家試験; 問題: ユーザー提供PDF; 正答: https://www.mhlw.go.jp/content/12004000/000917101.pdf,,False
54,2022-34-055,2022,34,55,生活支援技術,次の記述のうち，ズボンの裾上げの縫い目が 表から目立たない手縫いの方法として， 最も適切なものを 1 つ選びなさい。,なみ縫,半返し縫,本返し縫,コの字縫い（コの字とじ）,まつり縫,5,正解は5です。まつり縫いは表側に縫い目が目立ちにくく、ズボンやスカートの裾上げに適しています。 ※制度・基準・統計は改正や更新があり得るため、受験時点の最新情報も確認してください。,公益財団法人 社会福祉振興・試験センター 第34回（令和3年度）介護福祉士国家試験; 問題: ユーザー提供PDF; 正答: https://www.mhlw.go.jp/content/12004000/000917101.pdf,,True
55,2022-34-056,2022,34,56,生活支援技術,心地よい睡眠環境を整備するためのベッドメイキングに関する次の記述のうち， 最も適切なものを 1 つ選びなさい。,シーツを外すときは，汚れた面を外側に丸めながら外す。,しわを作らないために，シーツの角を対角線の方向に伸ばして 整える。,袋状の枕カバーの端を入れ込んで使用するときは，布の折り込み側が上るように置く。,掛け毛布はゆるみを作らずにシーツの足元に押し込む。,動かしたベッド 上の利用者の物品は，使いやすいように位置を変えておく。,2,正解は2です。シーツのしわは不快感や褥瘡リスクにつながるため、対角線方向へ適度に張って平らに整えます。,公益財団法人 社会福祉振興・試験センター 第34回（令和3年度）介護福祉士国家試験; 問題: ユーザー提供PDF; 正答: https://www.mhlw.go.jp/content/12004000/000917101.pdf,,False
56,2022-34-057,2022,34,57,生活支援技術,夜勤のある施設職員が 良質 な睡眠をとるための生活習慣に関する次記述のうち， 最も適切なものを 1 つ選びなさい。,夜勤に入る前には仮眠をとらない。,寝る前にスマートフォンでメールをチェックする。,朝食と夕食 の開始時間を日によって変える。,夜勤後の帰宅時にはサングラス（sunglasses）をかけるなど，日光を避する。,休日 に寝だめをする。,4,正解は4です。夜勤後に強い朝の光を浴びると覚醒が促されます。サングラスなどで光を避けると、帰宅後の睡眠につなげやすくなります。,公益財団法人 社会福祉振興・試験センター 第34回（令和3年度）介護福祉士国家試験; 問題: ユーザー提供PDF; 正答: https://www.mhlw.go.jp/content/12004000/000917101.pdf,,False
57,2022-34-058,2022,34,58,生活支援技術,Ｂさん（102 歳，女性）は，介護老人福祉施設に入所している。高齢による身体機能の 衰えがあり，機能低下の状態が長く続いていた。 1 週間前から経口摂取が困難になった。 1 日の大半は目を閉じ，臥床状態が続いている。医師から，「老衰により死期が近い」と診断され，家族は施設で看取りたいと希望している。死が極めて近い 状態にあるＢさんの看取りに必要な情報 として， 最も適切なものを 1 つ選びなさい。,体重の減少,夜間の睡眠時間,延命治療の意思,嚥下可能な食形態,呼吸の 状態,5,正解は5です。死が極めて近い時期は、呼吸のリズムや回数、無呼吸、喘鳴などの変化が重要な観察項目です。,公益財団法人 社会福祉振興・試験センター 第34回（令和3年度）介護福祉士国家試験; 問題: ユーザー提供PDF; 正答: https://www.mhlw.go.jp/content/12004000/000917101.pdf,,False
58,2022-34-059,2022,34,59,生活支援技術,介護老人福祉施設における終末期の利用者の家族支援に関する次の記述のうち， 最も適切なものを 1 つ選びなさい。,緊急連絡先を 1 つにすることを提案する。,面会を控えるように伝える。,死に至る過程で 生じる身体的変化を説明する。,死後の衣服は浴衣がよいと提案する。,亡くなる 瞬間 に立ち会うことが一番重要だと伝える。,3,正解は3です。家族が不安を減らして看取りに関われるよう、死に近づく過程で起こり得る身体変化をわかりやすく説明します。,公益財団法人 社会福祉振興・試験センター 第34回（令和3年度）介護福祉士国家試験; 問題: ユーザー提供PDF; 正答: https://www.mhlw.go.jp/content/12004000/000917101.pdf,,False
59,2022-34-060,2022,34,60,生活支援技術,死亡後の介護に関する次の記述のうち， 最も適切なものを 1 つ選い。,死後硬直がみられてから実施する。,生前と同じように利用者に声をかけながら介護を 行う。,義歯を外す。,髭剃り後はクリーム塗布を控える。,両手を組むために手首を包帯でしばる。,2,正解は2です。死亡後も生前と同じように尊厳を保ち、声をかけながら丁寧にケアします。,公益財団法人 社会福祉振興・試験センター 第34回（令和3年度）介護福祉士国家試験; 問題: ユーザー提供PDF; 正答: https://www.mhlw.go.jp/content/12004000/000917101.pdf,,False
60,2022-34-061,2022,34,61,介護過程,介護福祉職が介護過程を展開する意義に関する次の記述のうち， 最も適切なものを 1 つ選びなさい。,チームアプローチ（team approach）による介護を 提供 することができる。,直感的な判断をもとに介護を 考えることができる。,今までの生活から切り離した介護を 提供 する。,介護福祉職が生活を管理するための介護を 考えることができる。,介護福祉職が実施したい介護を 提供 する。,1,正解は1です。介護過程を共有すると、目標や支援内容をチームで統一し、多職種・多職員で一貫した介護を行えます。,公益財団法人 社会福祉振興・試験センター 第34回（令和3年度）介護福祉士国家試験; 問題: ユーザー提供PDF; 正答: https://www.mhlw.go.jp/content/12004000/000917101.pdf,,False
61,2022-34-062,2022,34,62,介護過程,介護過程における 情報 収 集 に関する次の記述のうち， 最も適切なものを 1 つ選びなさい。,利用者の日常生活の困難な部分を 中心に収集 する。,利用者との会話は 解釈 して記載する。,他の専門職が記載した記録は直接的な情報 として 扱う。,利用者の生活に対する思いを大切にしながら 収集 する。,情報 収 集 はモニタリング（monitoring）を実施してから 行う。,4,正解は4です。情報収集は困難だけを見るのではなく、利用者の生活歴・価値観・希望・強みを含めて、その人の思いを大切に行います。,公益財団法人 社会福祉振興・試験センター 第34回（令和3年度）介護福祉士国家試験; 問題: ユーザー提供PDF; 正答: https://www.mhlw.go.jp/content/12004000/000917101.pdf,,False
62,2022-34-063,2022,34,63,介護過程,介護過程における生活課題に関する次の記述のうち， 最も適切なものを1 つ選びなさい。,効率的な支援を 提供 するために解決するべきこと。,利用者が家族の望む生活を送るために解決するべきこと。,介護福祉職が実践困難な課題のこと。,利用者の生活を改善するために思いついたこと。,利用者が望む生活を実現するために解決するべきこと。,5,正解は5です。生活課題は、利用者が望む生活を実現するために解決・改善すべきこととして捉えます。,公益財団法人 社会福祉振興・試験センター 第34回（令和3年度）介護福祉士国家試験; 問題: ユーザー提供PDF; 正答: https://www.mhlw.go.jp/content/12004000/000917101.pdf,,False
63,2022-34-064,2022,34,64,介護過程,介護過程における 目標 の設定に関する次の記述のうち，適切なものを 1つ選びなさい。,長期目標の期間は， 1 か月程度に設定する。,長期目標は，短期目標ごとに設定する。,短期目標は，生活全般の課題が解決した 状態を表現 する。,短期目標は， 抽象 的 な内容で 表現 する。,短期目標は，長期目標の達成につながるように設定する。,5,正解は5です。短期目標は具体的・達成可能に設定し、その積み重ねが長期目標の達成につながるようにします。,公益財団法人 社会福祉振興・試験センター 第34回（令和3年度）介護福祉士国家試験; 問題: ユーザー提供PDF; 正答: https://www.mhlw.go.jp/content/12004000/000917101.pdf,,False
64,2022-34-065,2022,34,65,介護過程,介護計画における介護内容に関する次の記述のうち， 最も適切なものを1 つ選びなさい。,利用者の 能力 よりも介護の効率を重視して決める。,業務の都合に応じて介護できるように，時間の設定は 省略 する。,介護するときの注意点についても記載する。,利用者の意思よりも介護福祉職の 考えを優先して決める。,介護福祉職だけが理解できる 表現 にする。,3,正解は3です。介護計画には、誰が読んでも実践できる具体的な方法に加えて、実施上の注意点も記載します。,公益財団法人 社会福祉振興・試験センター 第34回（令和3年度）介護福祉士国家試験; 問題: ユーザー提供PDF; 正答: https://www.mhlw.go.jp/content/12004000/000917101.pdf,,False
65,2022-34-066,2022,34,66,介護過程,Ｃさん（84 歳，女性，要介護 3）は， 2 か月前に自宅で倒れた。 脳出 血（cerebral hemorrhage）と診断され，後遺症で左片麻痺になった。Ｃさんは自宅での生活を希望している。 長男 からは，「トイレが自分でできるようになってから自宅に戻ってほしい」との要望があった。そのため， 病院 から，リハビリテーションを目的に介護老人保健施設に 入所 した。入所時，Ｃさんは，「孫と一緒に過ごしたいから，リハビリテーションを頑張りたい」と笑顔で話した。Ｃさんは，自力での歩行は困難だが，施設内では健側を使って 車いすで移動することができる。また，手すりにつかまれば自分で立ち上がれるが，上半身が後ろに 傾くため，移乗には介護が必要な 状態 である。入所時に介護福祉職が 行うアセスメント（assessment）に関する次の記述のうち，最も優先すべきものを 1 つ選びなさい。,自力で歩行ができるのかを確認する。,排泄に関連した動作について確認する。,孫と面会する頻度について希望を聞く。,リクライニング 車いすの活用について尋ねる。,住宅 改 修 に必要な資金があるのかを確認する。,2,正解は2です。自宅復帰の条件として排泄自立が挙げられているため、排泄に関連する立位・移乗・衣服操作などの動作を優先してアセスメントします。,公益財団法人 社会福祉振興・試験センター 第34回（令和3年度）介護福祉士国家試験; 問題: ユーザー提供PDF; 正答: https://www.mhlw.go.jp/content/12004000/000917101.pdf,,False
66,2022-34-067,2022,34,67,介護過程,"次の事例を読んで，問題 67，問題 68 について答えなさい。〔事例〕Ｄさん（73 歳，女性，要介護 2）は，認知症対応型共同生活介護（認知症高齢者グループホーム）に 入居 した。入居後，本人の同意のもとに短期目標を，「食事の準備に参加する」と設定し， 順調に経過していた。ある日，Ｄさんが 夕食 の準備に来なかった。翌日，担当する介護福祉職が居室を訪ねて理由を聞くと，「盛り付けの見た目が・・・」と小声で言った。当日のＤさんの記録を見ると，「お茶を配ると席に座ったが，すぐに立ち上がり，料理を皿に盛り付けるＥさんの手元を見ていた」「配膳された料理を見て，ため息いた」とあった。その後，食事の準備には参加していないが，早く来て様子を見る。また，食事中は談笑 し，食事も 完食 している。以上のことから再アセスメントを 行うことになった。
Ｄさんの再アセスメントに関する次の記述のうち， 最も適切なものを 1つ選びなさい。",お茶を配る 能力 について分析する。,ため息の意味を料理の味が悪いと 解釈 する。,早く来て様子を見ている理由を分析する。,安心して食事ができているかを分析する。,Ｅさんに料理の盛り付けを学びたいと 解釈 する。,3,正解は3です。利用者の行動を決めつけず、『早く来て見ている』という事実の背景や意味を分析することがアセスメントです。,公益財団法人 社会福祉振興・試験センター 第34回（令和3年度）介護福祉士国家試験; 問題: ユーザー提供PDF; 正答: https://www.mhlw.go.jp/content/12004000/000917101.pdf,,False
67,2022-34-068,2022,34,68,介護過程,"次の事例を読んで，問題 67，問題 68 について答えなさい。〔事例〕Ｄさん（73 歳，女性，要介護 2）は，認知症対応型共同生活介護（認知症高齢者グループホーム）に 入居 した。入居後，本人の同意のもとに短期目標を，「食事の準備に参加する」と設定し， 順調に経過していた。ある日，Ｄさんが 夕食 の準備に来なかった。翌日，担当する介護福祉職が居室を訪ねて理由を聞くと，「盛り付けの見た目が・・・」と小声で言った。当日のＤさんの記録を見ると，「お茶を配ると席に座ったが，すぐに立ち上がり，料理を皿に盛り付けるＥさんの手元を見ていた」「配膳された料理を見て，ため息いた」とあった。その後，食事の準備には参加していないが，早く来て様子を見る。また，食事中は談笑 し，食事も 完食 している。以上のことから再アセスメントを 行うことになった。
カンファレンス（conference）が開かれ，Ｄさんの支援について検討することになった。Ｄさんを担当する介護福祉職が提案する内容として， 最も優先すべきものを 1 つ選びなさい。",食器の満足度を調べること。,昼食時だけでも計画を継続すること。,居室での食事に変更すること。,食事の準備の役割を見直すこと。,食事以外の短期目標を設定すること。1＜ 領域 ：,4,正解は4です。計画どおりに参加できない背景がある場合、本人の負担や希望を再評価し、食事準備で担う役割を見直します。,公益財団法人 社会福祉振興・試験センター 第34回（令和3年度）介護福祉士国家試験; 問題: ユーザー提供PDF; 正答: https://www.mhlw.go.jp/content/12004000/000917101.pdf,,False
68,2022-34-069,2022,34,69,発達と老化の理解,愛着行動に関する次の記述のうち，ストレンジ・シチュエーション法おける安定型の愛着行動として，適切なものを 1 つ選びなさい。,養育者がいないと不安な様子になり，再会すると安心して 再び遊び始める。,養育者がいないと不安な様子になり，再会すると接近して怒りを示す。,養育者がいないと不安な様子になり，再会すると関心を示さずに遊んでいる。,養育者がいなくても不安な様子にならず，再会すると関心を示さずに遊んでいる。,養育者がいなくても不安な様子にならず，再会すると 喜んで遊び続ける。,1,正解は1です。安定型愛着では、養育者と離れると不安を示しますが、再会すると安心し、再び探索や遊びに戻れます。 ※制度・基準・統計は改正や更新があり得るため、受験時点の最新情報も確認してください。,公益財団法人 社会福祉振興・試験センター 第34回（令和3年度）介護福祉士国家試験; 問題: ユーザー提供PDF; 正答: https://www.mhlw.go.jp/content/12004000/000917101.pdf,,True
69,2022-34-070,2022,34,70,発達と老化の理解,乳幼児期の言語発達に関する次の記述のうち， 最も適切なものを 1 つ選びなさい。,生後 6 か月ごろに初語を発するようになる。,1 歳ごろに喃語を発するようになる。,1 歳半ごろに語彙爆発が起きる。,2 歳半ごろに一語文を話すようになる。,3 歳ごろに二語文を話すようになる。,3,正解は3です。1歳半頃から語彙が急速に増える『語彙爆発』がみられます。発達時期はおおよその目安として覚えます。,公益財団法人 社会福祉振興・試験センター 第34回（令和3年度）介護福祉士国家試験; 問題: ユーザー提供PDF; 正答: https://www.mhlw.go.jp/content/12004000/000917101.pdf,,False
70,2022-34-071,2022,34,71,発達と老化の理解,2019 年（平成 31 年，令和元年）における，我が国の 寿命 と死因に関次の記述のうち，正しいものを 1 つ選びなさい。,健康寿命は，平均寿命よりも長い。,人口全体の死因順位では，老衰が悪性新生物より上位である。,人口全体の死因で 最も多いのは，脳血管障害（cerebrovascular disorder）である。,平均寿命は，男女とも 75 歳未満である。,90 歳女性の平均余命は， 5 年以上である。,5,正解は5です。2019年の生命表では、90歳女性にも5年以上の平均余命があります。平均寿命と平均余命を混同しないことがポイントです。,公益財団法人 社会福祉振興・試験センター 第34回（令和3年度）介護福祉士国家試験; 問題: ユーザー提供PDF; 正答: https://www.mhlw.go.jp/content/12004000/000917101.pdf,,False
71,2022-34-072,2022,34,72,発達と老化の理解,Ａさん（87 歳，女性，要介護 3）は， 2 週間前に介護老人福祉施設に 入所した。Ａさんにはパーキンソン 病（Parkinson disease）があり，入所後に転倒したことがあった。介護職員は頻繁に，「危ないから 車いすに座っていてくださいね」と声をかけていた。Ａさんは徐々に自分でできることも介護職員に依存し，着替えも手伝ってほしいと 訴えるようになった。Ａさんに 生じている適応（防衛）機制として， 最も適切なものを 1 つ選びなさい。,投影,退行,攻撃,抑圧,昇華,2,正解は2です。以前できていたことを自分で行わなくなり、より依存的な状態に戻ることは『退行』と捉えられます。,公益財団法人 社会福祉振興・試験センター 第34回（令和3年度）介護福祉士国家試験; 問題: ユーザー提供PDF; 正答: https://www.mhlw.go.jp/content/12004000/000917101.pdf,,False
72,2022-34-073,2022,34,73,発達と老化の理解,記憶に関する次の記述のうち，適切なものを 1 つ選びなさい。,エピソード記憶は，短期記憶に分類される。,意味記憶は，言葉の意味などに関する記憶である。,手続き記憶は，過去の出来事に関する記憶である。,エピソード記憶は，老化に 影響 されにくい。,意味記憶は，老化に 影響 されやすい。,2,正解は2です。意味記憶は言葉の意味や一般的知識に関する長期記憶です。エピソード記憶は個人的な出来事、手続き記憶は技能に関する記憶です。,公益財団法人 社会福祉振興・試験センター 第34回（令和3年度）介護福祉士国家試験; 問題: ユーザー提供PDF; 正答: https://www.mhlw.go.jp/content/12004000/000917101.pdf,,False
73,2022-34-074,2022,34,74,発達と老化の理解,老化に 伴う感覚機能や認知機能の変化に関する次の記述のうち， 最適切なものを 1 つ選びなさい。,大きな声で話しかけられても，かえって聞こえにくいことがある。,会話をしながら運転するほうが，安全に運転できるようになる。,白と黄色よりも，白と赤の区別がつきにくくなる。,低い声よりも，高い声のほうが聞き取りやすくなる。,薄暗い部屋のほうが，細かい作業をしやすくなる。,1,正解は1です。加齢性難聴では高音域が聞き取りにくくなり、ただ大声にすると音が歪んでかえって聞き取りにくいことがあります。,公益財団法人 社会福祉振興・試験センター 第34回（令和3年度）介護福祉士国家試験; 問題: ユーザー提供PDF; 正答: https://www.mhlw.go.jp/content/12004000/000917101.pdf,,False
74,2022-34-075,2022,34,75,発達と老化の理解,高齢者の睡眠に関する次の記述のうち，適切なものを 1 つ選びなさい。,午前中の遅い時間まで眠ることが多い。,刺激を与えても起きないような深い睡眠が多い。,睡眠障害を自覚することは少ない。,不眠の原因の 1 つはメラトニン（melatonin）の 減少 である。,高齢者の睡眠時無呼吸症候群（sleep apnea syndrome）の発生頻度は，若年者よりも低い。,4,正解は4です。加齢によりメラトニン分泌が減少し、睡眠・覚醒リズムが変化することが不眠の一因になります。,公益財団法人 社会福祉振興・試験センター 第34回（令和3年度）介護福祉士国家試験; 問題: ユーザー提供PDF; 正答: https://www.mhlw.go.jp/content/12004000/000917101.pdf,,False
75,2022-34-076,2022,34,76,発達と老化の理解,高齢者の肺炎（pneumonia）に関する次の記述のうち， 最も適切なものを1 つ選びなさい。,意識障害になることはない。,体温が 37.5℃未満であれば肺炎（pneumonia）ではない。,頻呼吸になることは，まれである。,誤嚥による肺炎（pneumonia）を起こしやすい。,咳・痰などを 伴うことは，まれである。,4,正解は4です。高齢者は嚥下反射や咳反射が低下しやすく、誤嚥性肺炎のリスクが高まります。典型的な発熱が目立たない場合もあります。,公益財団法人 社会福祉振興・試験センター 第34回（令和3年度）介護福祉士国家試験; 問題: ユーザー提供PDF; 正答: https://www.mhlw.go.jp/content/12004000/000917101.pdf,,False
76,2022-34-077,2022,34,77,認知症の理解,認知症ケアにおける「ひもときシート」に関する次の記述のうち， 最も適切なものを 1 つ選びなさい。,「ひもときシート」では，最初に分析的理解を 行う。,認知症（dementia）の人の言動を介護者側の視点でとらえる。,言動の背景要因を分析して認知症（dementia）の人を理解するためのツールである。,評価的理解では，潜在的なニーズを重視する。,共感的理解では， 8 つの要因で言動を分析する。,3,正解は3です。ひもときシートは、認知症の人の言動を問題行動として片づけず、身体・心理・環境など背景要因を整理して理解するためのツールです。,公益財団法人 社会福祉振興・試験センター 第34回（令和3年度）介護福祉士国家試験; 問題: ユーザー提供PDF; 正答: https://www.mhlw.go.jp/content/12004000/000917101.pdf,,False
77,2022-34-078,2022,34,78,認知症の理解,レビー小体型認知症（dementia with Lewy bodies）の幻視の 特徴 に関る次の記述のうち， 最も適切なものを 1 つ選びなさい。,幻視の内容はあいまいではっきりしない。,睡眠中でも幻視が 生じる。,本人は説明されても幻視という認識ができない。,薄暗い部屋を明るくすると幻視が消えることがある。,抗精神病薬による治療が 行われることが多い。,4,正解は4です。レビー小体型認知症の幻視は具体的で鮮明なことが多く、照明や環境を整えると軽減する場合があります。,公益財団法人 社会福祉振興・試験センター 第34回（令和3年度）介護福祉士国家試験; 問題: ユーザー提供PDF; 正答: https://www.mhlw.go.jp/content/12004000/000917101.pdf,,False
78,2022-34-079,2022,34,79,認知症の理解,軽度認知障害（mild cognitive impairment）に関する次の記述のうち， 最も適切なものを 1 つ選びなさい。,本人や家族から記憶低下の 訴えがあることが多い。年の 間に認知症（dementia）になる。,診断された人の約半数がその後,ＣＤＲ（Clinical Dementia Rating）のスコアが 2 である。,日常生活能力が低下している。,治療には，主に抗認知症薬が用いられる。,1,正解は1です。MCIでは本人や家族が物忘れを自覚することが多い一方、基本的な日常生活はおおむね保たれています。認知症へ移行する例もあるため経過観察が重要です。,公益財団法人 社会福祉振興・試験センター 第34回（令和3年度）介護福祉士国家試験; 問題: ユーザー提供PDF; 正答: https://www.mhlw.go.jp/content/12004000/000917101.pdf,,False
79,2022-34-080,2022,34,80,認知症の理解,若年性認知症（dementia with early onset）に関する次の記述のうち， 最も適切なものを 1 つ選びなさい。,75 歳未満に 発症 する認知症（dementia）である。,高齢者の認知症（dementia）よりも進行は緩やかである。,早期発見・早期対応しやすい。,原因で 最も多いのはレビー小体型認知症（dementia with Lewy bodies）である。,不安や抑うつを 伴うことが多い。,5,正解は5です。若年性認知症は就労・子育てなど生活上の影響が大きく、不安や抑うつを伴いやすいことが特徴です。,公益財団法人 社会福祉振興・試験センター 第34回（令和3年度）介護福祉士国家試験; 問題: ユーザー提供PDF; 正答: https://www.mhlw.go.jp/content/12004000/000917101.pdf,,False
80,2022-34-081,2022,34,81,認知症の理解,認知症（dementia）の行動・心理症状（ＢＰＳＤ）に対する抗精神病薬を用いた薬物療法でよくみられる副作用として， 最も適切なものを 1 つ選びなさい。,歩幅が広くなる。,誤嚥のリスクが高くなる。,過剰に活動的になる。,筋肉の 緊張 が緩む。,怒りっぽくなる。,2,正解は2です。抗精神病薬では錐体外路症状や鎮静が起こり、嚥下機能が低下して誤嚥のリスクが高まることがあります。 ※制度・基準・統計は改正や更新があり得るため、受験時点の最新情報も確認してください。,公益財団法人 社会福祉振興・試験センター 第34回（令和3年度）介護福祉士国家試験; 問題: ユーザー提供PDF; 正答: https://www.mhlw.go.jp/content/12004000/000917101.pdf,,True
81,2022-34-082,2022,34,82,認知症の理解,軽度の認知症（dementia）の人に，日付，季節，天気，場所などの 情報 をふだんの会話の中で伝えて認識してもらう認知症ケアとして，正しいものを 1 つ選びなさい。,ライフレビュー（life review）,リアリティ・オリエンテーション（reality orientation）,バリデーション（validation）,アクティビティ・ケア（activity care）,タッチング（touching）,2,正解は2です。リアリティ・オリエンテーションは、日付・季節・場所など現実見当識に関する情報を会話の中で自然に伝える方法です。,公益財団法人 社会福祉振興・試験センター 第34回（令和3年度）介護福祉士国家試験; 問題: ユーザー提供PDF; 正答: https://www.mhlw.go.jp/content/12004000/000917101.pdf,,False
82,2022-34-083,2022,34,83,認知症の理解,Ｂさん（86 歳，女性）は，中等度のアルツハイマー型認知症（dementia ofthe Alzheimerʼs type）である。短期入所生活介護（ショートステイ）の利用を始日の翌朝，両手に便が付着した 状態 でベッドに座っていた。Ｂさんへの声かけとして，適切なものを 1 つ選びなさい。,「臭いからきれいにします」,「 汚い便が手についています」,「ここはトイレではありません」,「手を洗いましょう」,「こんなに汚れて困ります」,4,正解は4です。認知症の人の羞恥心や尊厳を傷つけないよう、便を責める表現を避け、『手を洗いましょう』と具体的に必要な行動へ誘います。,公益財団法人 社会福祉振興・試験センター 第34回（令和3年度）介護福祉士国家試験; 問題: ユーザー提供PDF; 正答: https://www.mhlw.go.jp/content/12004000/000917101.pdf,,False
83,2022-34-084,2022,34,84,認知症の理解,Ｃさん（80 歳，女性）は 夫（85 歳）と二人暮らしである。 1 年ほど前から記憶障 害 があり，最近，アルツハイマー型認知症（dementia of the Alzheimerʼstype）と診断された。探し物が増え，財布や保険証を見つけられないと，「泥棒が入った，警察に連絡して」と 訴えるようになった。「泥棒なんて入っていない」と警察を呼ばずにいると，Ｃさんがますます興奮するので， 夫は対応に困っている。夫から相談を受けた介護福祉職の助言として， 最も適切なものを 1 つ選い。,「主治医に興奮を抑える 薬の相談をしてみてはどうですか」,「施設入所を検討してはどうですか」,「Ｃさんと一緒に探してみてはどうですか」,「Ｃさんの希望通り，警察に通報してはどうですか」,「Ｃさんに認知症（dementia）であることを説明してはどうですか」,3,正解は3です。物盗られ妄想を否定して対立するのではなく、本人の不安に寄り添い、一緒に探すことで安心につなげます。 ※制度・基準・統計は改正や更新があり得るため、受験時点の最新情報も確認してください。,公益財団法人 社会福祉振興・試験センター 第34回（令和3年度）介護福祉士国家試験; 問題: ユーザー提供PDF; 正答: https://www.mhlw.go.jp/content/12004000/000917101.pdf,,True
84,2022-34-085,2022,34,85,認知症の理解,認知症（dementia）の人に配慮した施設の生活環境として， 最も適切なものを 1 つ選びなさい。,いつも安心感をもってもらえるように接する。,私物は本人の見えないところに片付ける。,毎日新しい生活体験をしてもらう。,壁の色と同系色の表示を使用する。,日中は1人で過ごしてもらう。,1,正解は1です。認知症ケアでは安心できる人間関係と環境が重要です。なじみの物や生活リズムもできるだけ保ちます。,公益財団法人 社会福祉振興・試験センター 第34回（令和3年度）介護福祉士国家試験; 問題: ユーザー提供PDF; 正答: https://www.mhlw.go.jp/content/12004000/000917101.pdf,,False
85,2022-34-086,2022,34,86,認知症の理解,認知症初期集中支援チームに関する次の記述のうち， 最も適切なものを1 つ選びなさい。,自宅ではない場所で家族から生活の様子を聞く。,チーム員には医師が含まれる。,初回の訪問時にアセスメント（assessment）は不要である。,介護福祉士は，認知症初期集中支援チーム員研修を受講しなくてもチームに参加できる。,認知症疾患医療センター受診後に，チームが対応方法を決定する。,2,正解は2です。認知症初期集中支援チームは医師と医療・介護の専門職などで構成され、訪問・アセスメントを通じて早期支援につなげます。,公益財団法人 社会福祉振興・試験センター 第34回（令和3年度）介護福祉士国家試験; 問題: ユーザー提供PDF; 正答: https://www.mhlw.go.jp/content/12004000/000917101.pdf,,False
86,2022-34-087,2022,34,87,障害の理解,障害者の法的定義に関する次の記述のうち，正しいものを 1 つ選い。,身体障害者福祉法における身体障害者は，身体障害者手帳の交付を受けた 18歳以上のものをいう。,知的障害者は，知的障害者福祉法に定義されている。,「精神保健福祉法」における精神障害者には，知的障害者が含まれていない。,障害者基本法において発達障害者は，精神障害者に含まれていない。,障害児は，障害者基本法に定義されている。（注）「精神保健福祉法」とは，「精神保健及び精神障害者福祉に関する法律」のことである。,1,正解は1です。身体障害者福祉法上の身体障害者は、原則として身体障害者手帳の交付を受けた18歳以上の者を指します。 ※制度・基準・統計は改正や更新があり得るため、受験時点の最新情報も確認してください。,公益財団法人 社会福祉振興・試験センター 第34回（令和3年度）介護福祉士国家試験; 問題: ユーザー提供PDF; 正答: https://www.mhlw.go.jp/content/12004000/000917101.pdf,,True
87,2022-34-088,2022,34,88,障害の理解,半側空間無視に関する次の記述のうち， 最も適切なものを 1 つ選い。,食事のとき，認識できない片側に食べ残しがみられる。,半盲に対するものと介護方法は同じである。,失行の 1 つである。,本人は半側空間無視に気づいている。,認識できない片側へ向かってまっすぐに歩ける。障害 の理解,1,正解は1です。半側空間無視では、病変と反対側の空間を認識しにくく、食事で片側だけ食べ残すなどの行動がみられます。,公益財団法人 社会福祉振興・試験センター 第34回（令和3年度）介護福祉士国家試験; 問題: ユーザー提供PDF; 正答: https://www.mhlw.go.jp/content/12004000/000917101.pdf,,False
88,2022-34-089,2022,34,89,障害の理解,Ｄさん（35 歳，男性）は重度の知的障害があり，地元の施設入所支援を利用している。Ｄさんの友人Ｅさんは，以前に同じ施設入所支援を利用していて，現在は共同生活援助（グループホーム）で暮らしている。Ｄさんは，共同生活援助（グループホーム）で生活するＥさんの様子を見て，その生活に関心をもったようである。施設の 職員 は，Ｄさんの共同生活援助（グループホーム）での生活は，適切な援助を受ければ可能であると 考えている。一方，Ｄさんの母親は，親亡き後不安から施設入所支援を継続させたいと思っている。介護福祉職が現時点で 行うＤさんへの意思決定支援として， 最も適切なものを1 つ選びなさい。,母親の意思を，本人に伝える。,共同生活援助（グループホーム）の生活について話し合う。,介護福祉職の 考えを，本人に伝える。,具体的な選択肢を用意し，選んでもらう。,地域生活のリスクについて説明する。,2,正解は2です。意思決定支援では、まず本人が関心を示している生活について分かりやすく話し合い、本人の希望や理解を確認します。,公益財団法人 社会福祉振興・試験センター 第34回（令和3年度）介護福祉士国家試験; 問題: ユーザー提供PDF; 正答: https://www.mhlw.go.jp/content/12004000/000917101.pdf,,False
89,2022-34-090,2022,34,90,障害の理解,筋萎縮性側索硬化症（amyotrophic lateral sclerosis：ＡＬＳ）では 出現 しにくい 症状 として，適切なものを 1 つ選びなさい。,四肢の運動障害,構音障害,嚥下障害,感覚障害,呼吸障害,4,正解は4です。ALSでは運動ニューロンが障害され、運動・構音・嚥下・呼吸障害が進行しますが、感覚障害は通常目立ちません。,公益財団法人 社会福祉振興・試験センター 第34回（令和3年度）介護福祉士国家試験; 問題: ユーザー提供PDF; 正答: https://www.mhlw.go.jp/content/12004000/000917101.pdf,,False
90,2022-34-091,2022,34,91,障害の理解,Ｆさん（21 歳，男性）は，交通事故による頸髄損傷（cervical cord injury）で重度の四肢麻痺になった。最近はリハビリテーションに取り組まず，周囲の人感情 をぶつけ強くあたるようになった。介護福祉職の対応に関する次の記述のうち， 最も適切なものを 1 つ選びなさい。,歩けるようになるために， 諦めずに機能訓練をするように支援する。,トラブルが起きないように，Ｆさんには近寄らないようにする。,生活態度を 改めるように，Ｆさんに厳しく注意する。,自分でできることに目を向けられるように，Ｆさんを支援する。,障害 が重いので，Ｆさんのできることも手伝うようにする。,4,正解は4です。障害を受けた人への支援では、失った機能だけでなく残存能力やできることに目を向け、自己効力感を支えます。,公益財団法人 社会福祉振興・試験センター 第34回（令和3年度）介護福祉士国家試験; 問題: ユーザー提供PDF; 正答: https://www.mhlw.go.jp/content/12004000/000917101.pdf,,False
91,2022-34-092,2022,34,92,障害の理解,Ｇさんはパーキンソン 病（Parkinson disease）と診断され，薬物療法が開始されている。立位で 重心が傾き，歩行中に停止することや向きを変が困難である。Ｇさんのこの 症状を表現 するものとして， 最も適切なものを 1 つ選びなさい。,安静時振戦,筋固縮,無動,寡動,姿勢保持障害,5,正解は5です。体の重心保持や姿勢反射が障害され、立位で傾いたり方向転換が難しくなるのは姿勢保持障害です。 ※制度・基準・統計は改正や更新があり得るため、受験時点の最新情報も確認してください。,公益財団法人 社会福祉振興・試験センター 第34回（令和3年度）介護福祉士国家試験; 問題: ユーザー提供PDF; 正答: https://www.mhlw.go.jp/content/12004000/000917101.pdf,,True
92,2022-34-093,2022,34,93,障害の理解,障害者への理解を深めるために有効なアセスメントツールの 1 つであるエコマップが 表すものとして， 最も適切なものを 1 つ選びなさい。,家族との関係,社会との相関関係,認知機能,機能の自立度,日常生活動作,2,正解は2です。エコマップは本人・家族と、友人、近隣、学校、職場、医療・福祉機関など社会資源との関係を図式化します。,公益財団法人 社会福祉振興・試験センター 第34回（令和3年度）介護福祉士国家試験; 問題: ユーザー提供PDF; 正答: https://www.mhlw.go.jp/content/12004000/000917101.pdf,,False
93,2022-34-094,2022,34,94,障害の理解,「障害者総合支援法」で定める協議会に関する次の記述のうち， 最も適切なものを 1 つ選びなさい。,当事者・家族以外の専門家で構成する。,療育手帳を交付する。,相談支援専門員を配置しなければならない。,国が設置する。,地域の 実情 に応じた支援体制の整備について協議を 行う。（注）「障害者総合支援法」とは，「障害者の日常生活及び社会生活を総合的に支援するための法律」のことである。,5,正解は5です。障害者総合支援法の協議会は、地域の関係機関が連携し、地域の実情に応じた支援体制や課題について協議する場です。 ※制度・基準・統計は改正や更新があり得るため、受験時点の最新情報も確認してください。,公益財団法人 社会福祉振興・試験センター 第34回（令和3年度）介護福祉士国家試験; 問題: ユーザー提供PDF; 正答: https://www.mhlw.go.jp/content/12004000/000917101.pdf,,True
94,2022-34-095,2022,34,95,障害の理解,障害者が障害福祉サービスを利用するために相談支援専門員が作成する計画として，正しいものを 1 つ選びなさい。,地域福祉計画,個別支援計画,サービス等利用計画,障害福祉計画,介護サービス計画,3,正解は3です。相談支援専門員は、障害福祉サービスの利用にあたり『サービス等利用計画』を作成します。,公益財団法人 社会福祉振興・試験センター 第34回（令和3年度）介護福祉士国家試験; 問題: ユーザー提供PDF; 正答: https://www.mhlw.go.jp/content/12004000/000917101.pdf,,False
95,2022-34-096,2022,34,96,障害の理解,Ｈさん（45 歳，男性）は，脳伷塞（cerebral infarction）を 発症 して半年間入院 した。退院してからは，障害者支援施設に 入所 して自立訓練を受けている。,家族の不安な気持ちに寄り添い，今の課題を一緒に整理し 考えていく。,か月ほど過ぎたが，右片麻痺と言語障害が残っている。妻のＪさん（35 歳）はパート勤務で，小学3年生の子どもがいて， 将来 が見えずに不安な気持ちである。家族に対する介護福祉職の支援として， 最も適切なものを 1 つ選びなさい。Ｊさんの気持ちを最優先して方向性を決める。,訓練の様子を伝えるために，頻繁にＪさんに施設に来てもらう。,家族が困っているので専門職主導で方向性を決める。,レスパイトケアを勧める。,1,正解は1です。家族支援では不安や負担感を受け止め、本人・家族と一緒に課題を整理しながら今後の方向性を考えます。,公益財団法人 社会福祉振興・試験センター 第34回（令和3年度）介護福祉士国家試験; 問題: ユーザー提供PDF; 正答: https://www.mhlw.go.jp/content/12004000/000917101.pdf,,False
96,2022-34-097,2022,34,97,こころとからだのしくみ,Ｋさん（83 歳，女性，要介護 1）は， 3 年前にアルツハイマー型認知症（dementia of the Alzheimerʼs type）と診断された。一人暮らしで訪問介護（ホームヘルプサービス）を利用している。金銭管理は困難であり， 長男が行っている。最近，認知症（dementia）の 症状 がさらに進み，訪問介護員（ホームヘルパー）がＫさんの自宅を訪問すると，「 通帳を長男 の嫁が持っていってしまった」と繰返し 訴えるようになった。考えられるＫさんの 症状 として，適切なものを 1 つ選びなさい。,もの盗られ妄想,心気妄想,貧困妄想,罪業妄想,嫉妬妄想,1,正解は1です。『物を盗られた』と訴えるのは、認知症でみられることのある物盗られ妄想です。記憶障害を背景に起こることがあります。,公益財団法人 社会福祉振興・試験センター 第34回（令和3年度）介護福祉士国家試験; 問題: ユーザー提供PDF; 正答: https://www.mhlw.go.jp/content/12004000/000917101.pdf,,False
97,2022-34-098,2022,34,98,こころとからだのしくみ,Ｌさん（87 歳，男性，要介護 1）は，冷房が嫌いで，部屋にエアコンはない。ある夏の日の午後，訪問介護員（ホームヘルパー）が訪問すると，厚手の布団を掛けて眠っていた。布団を取ると 大量 の発汗があり，体温を測定すると 38.5℃であった。朝から水分しか摂取していないという。前から不眠があり，この 5 日間便秘が続いていたが， 食欲 はあったとのことである。次のうち，体温が 上昇 した原因として， 最も適切なものを 1 つ選びなさい。,布団,発汗,空腹,不眠,便秘,1,正解は1です。厚手の布団は体からの放熱を妨げ、暑い環境では体温上昇の原因になります。高齢者は暑さへの感覚や体温調節機能も低下しやすいため注意が必要です。,公益財団法人 社会福祉振興・試験センター 第34回（令和3年度）介護福祉士国家試験; 問題: ユーザー提供PDF; 正答: https://www.mhlw.go.jp/content/12004000/000917101.pdf,,False
98,2022-34-099,2022,34,99,こころとからだのしくみ,老化に 伴う視覚機能の変化に関する次の記述のうち，正しいものを 1 つ選びなさい。,水晶体が茶色になる。,遠くのものが見えやすくなる。,明暗に 順応 する時間が長くなる。,ピントの 調節 が速くなる。,涙の 量が増える。,3,正解は3です。加齢により瞳孔反応や網膜機能などが変化し、明るさの変化に目が慣れるまでの時間が長くなります。,公益財団法人 社会福祉振興・試験センター 第34回（令和3年度）介護福祉士国家試験; 問題: ユーザー提供PDF; 正答: https://www.mhlw.go.jp/content/12004000/000917101.pdf,,False
99,2022-34-100,2022,34,100,こころとからだのしくみ,言葉の発音が不明瞭になる原因として， 最も適切なものを 1 つ選い。,唾液の分泌が増加すること,舌運動が活発化すること,口角が上,調整 された義歯を使用すること,口唇が閉,5,正解は5です。発音には口唇を閉じたり形を変えたりする運動が必要です。口唇の閉鎖が不十分になると構音が不明瞭になりやすくなります。,公益財団法人 社会福祉振興・試験センター 第34回（令和3年度）介護福祉士国家試験; 問題: ユーザー提供PDF; 正答: https://www.mhlw.go.jp/content/12004000/000917101.pdf,,False
100,2022-34-101,2022,34,101,こころとからだのしくみ,骨に関する次の記述のうち，正しいものを 1 つ選びなさい。,骨にはたんぱく質が含まれている。,骨のカルシウム（Ca）は老化に 伴い増える。,骨は負荷がかかるほうが弱くなる。,骨は骨芽細胞によって壊される。,骨のカルシウム（Ca）はビタミンＡ（vitamin A）によって 吸収 が促進される。,1,正解は1です。骨はカルシウムなどの無機質だけでなく、コラーゲンなどのたんぱく質を含む組織です。,公益財団法人 社会福祉振興・試験センター 第34回（令和3年度）介護福祉士国家試験; 問題: ユーザー提供PDF; 正答: https://www.mhlw.go.jp/content/12004000/000917101.pdf,,False
101,2022-34-102,2022,34,102,こころとからだのしくみ,介護者が効率的かつ安全に介護を 行うためのボディメカニクスの原則に関する次の記述のうち，適切なものを 1 つ選びなさい。,支持基底面を広くする。,利用者の 重心 を遠ざける。,腰がねじれた姿勢をとる。,重心 を高くする。,移動時の摩擦面を大きくする。,1,正解は1です。支持基底面を広くすると姿勢が安定します。ボディメカニクスでは重心を低くし、利用者へ近づき、摩擦を減らすことも基本です。,公益財団法人 社会福祉振興・試験センター 第34回（令和3年度）介護福祉士国家試験; 問題: ユーザー提供PDF; 正答: https://www.mhlw.go.jp/content/12004000/000917101.pdf,,False
102,2022-34-103,2022,34,103,こころとからだのしくみ,次のうち，三大栄養素に該当する成分として，正しいものを 1 つ選い。,水分,炭水化物,ビタミン（vitamin）,ナトリウム（Na）,カルシウム（Ca）,2,正解は2です。三大栄養素は炭水化物・脂質・たんぱく質です。ビタミンやミネラルは微量栄養素に分類されます。,公益財団法人 社会福祉振興・試験センター 第34回（令和3年度）介護福祉士国家試験; 問題: ユーザー提供PDF; 正答: https://www.mhlw.go.jp/content/12004000/000917101.pdf,,False
103,2022-34-104,2022,34,104,こころとからだのしくみ,コントロール不良の 糖尿 病（diabetes mellitus）で高血糖時にみられる症状 として，適切なものを 1 つ選びなさい。,振戦,発汗,口渇,乏尿,動悸,3,正解は3です。高血糖では浸透圧利尿により水分が失われやすく、口渇・多飲・多尿などがみられます。,公益財団法人 社会福祉振興・試験センター 第34回（令和3年度）介護福祉士国家試験; 問題: ユーザー提供PDF; 正答: https://www.mhlw.go.jp/content/12004000/000917101.pdf,,False
104,2022-34-105,2022,34,105,こころとからだのしくみ,Ｍさん（85 歳，男性）は，通所介護（デイサービス）での 入浴 を楽ていて，いつも時間をかけて湯につかっている。ある時，介護福祉職が，「そろそろあがりましょうか」と声をかけると，浴槽から 急に立ち上た。Ｍさんがふらついた原因として， 最も適切なものを 1 つ選びなさい。,体温の 上昇,呼吸数の増加,心拍数の増加,動脈血酸素飽和度の低下,血圧の低下,5,正解は5です。長時間の入浴で末梢血管が拡張し、急に立ち上がると血圧が下がって立ちくらみやふらつきが起こりやすくなります。,公益財団法人 社会福祉振興・試験センター 第34回（令和3年度）介護福祉士国家試験; 問題: ユーザー提供PDF; 正答: https://www.mhlw.go.jp/content/12004000/000917101.pdf,,False
105,2022-34-106,2022,34,106,こころとからだのしくみ,次のうち，ブリストル便性状スケールの普通便に該当するものとして，最も適切なものを 1 つ選びなさい。,水様便,硬い便,泥状便,コロコロ便,やや軟らかい便,5,正解は5です。ブリストル便性状スケールでは、普通便はなめらかで柔らかい便に相当し、極端に硬い便や水様便ではありません。,公益財団法人 社会福祉振興・試験センター 第34回（令和3年度）介護福祉士国家試験; 問題: ユーザー提供PDF; 正答: https://www.mhlw.go.jp/content/12004000/000917101.pdf,,False
106,2022-34-107,2022,34,107,こころとからだのしくみ,Ａさん（65 歳，女性）は，最近， 熟睡 できないと 訴えている。Ａさんの日常生活は，毎日6時に起床し，午前中は家事を 行い，14 時から 20 分の昼寝をし，16 時から 30 分の散歩をしている。食事は 朝食 7時， 昼食 12 時，夕食 18時にとり， 朝食 のときはコーヒーを 1 杯飲む。21 時に好きな音楽を聞きながら，夜食を満腹になる程度に食べ，21 時30 分に 就寝 している。Ａさんの 訴えに対して，日常生活で改善する必要があるものとして， 最も適切なものを 1 つ選びなさい。,朝食 のコーヒー,昼寝,散歩,音楽を聞,就寝前の夜食,5,正解は5です。就寝直前に満腹になるほど食べると消化活動が続き、睡眠を妨げやすくなります。夜食は量と時間に注意します。,公益財団法人 社会福祉振興・試験センター 第34回（令和3年度）介護福祉士国家試験; 問題: ユーザー提供PDF; 正答: https://www.mhlw.go.jp/content/12004000/000917101.pdf,,False
107,2022-34-108,2022,34,108,こころとからだのしくみ,Ｂさん（76 歳，女性）は，病気はなく散歩が日課である。肺がん（lungcancer）の 夫を長年介護し，数か月前に自宅で看取った。その体験から，死期の迫った段階では延命を目的とした治療は受けずに，自然な最期を迎えたいと願いる。Ｂさんが希望する死を 表す用語として， 最も適切なものを 1 つ選びなさい。,脳死,突然死,尊厳死,積極的安楽死,心臓死21＜ 領域 ：,3,正解は3です。延命を目的とした治療を望まず、本人の尊厳や意思を重視して自然な最期を迎える考え方は尊厳死と表現されます。,公益財団法人 社会福祉振興・試験センター 第34回（令和3年度）介護福祉士国家試験; 問題: ユーザー提供PDF; 正答: https://www.mhlw.go.jp/content/12004000/000917101.pdf,,False
108,2022-34-109,2022,34,109,医療的ケア,社会福祉士及び介護福祉士法で規定されている介護福祉士が実施できる経管栄養の行為として，正しいものを 1 つ選びなさい。,栄養剤の種類の変更,栄養剤の注入速度の決定,経鼻経管栄養チューブの胃内への留置,栄養剤の 注入,胃ろうカテーテルの定期交換,4,正解は4です。必要な研修などの要件を満たした介護福祉士は、医師等の指示のもとで経管栄養の栄養剤注入を実施できます。チューブ留置や交換などの医療行為は行いません。 ※制度・基準・統計は改正や更新があり得るため、受験時点の最新情報も確認してください。,公益財団法人 社会福祉振興・試験センター 第34回（令和3年度）介護福祉士国家試験; 問題: ユーザー提供PDF; 正答: https://www.mhlw.go.jp/content/12004000/000917101.pdf,,True
109,2022-34-110,2022,34,110,医療的ケア,気管カニューレ内部の喀痰吸引で，指示された吸引時間よりも長た場合，吸引後に注意すべき項目として， 最も適切なものを 1 つ選びなさい。,体温,血糖値,動脈血酸素飽和度,痰の色,唾液の 量,3,正解は3です。吸引が長すぎると低酸素状態を招くことがあるため、吸引後は動脈血酸素飽和度（SpO2）や呼吸状態を確認します。,公益財団法人 社会福祉振興・試験センター 第34回（令和3年度）介護福祉士国家試験; 問題: ユーザー提供PDF; 正答: https://www.mhlw.go.jp/content/12004000/000917101.pdf,,False
110,2022-34-111,2022,34,111,医療的ケア,呼吸器官の換気とガス交換に関する次の記述のうち， 最も適切なものを1 つ選びなさい。,換気とは，体外から二酸化炭素を取り込み，体外に酸素を 排出 する 働きをいう。,呼吸運動は，主として大胸筋によって 行われる。,1 回に吸い込める空気の 量は，年齢とともに増加する。,ガス交換は，肺胞内の空気と血液の 間で 行われる。,筋萎縮性側索硬化症（amyotrophic lateral sclerosis：ＡＬＳ）では，主にガス交換の 働きが低下する。,4,正解は4です。肺胞と毛細血管の間で酸素と二酸化炭素が交換されることをガス交換といいます。,公益財団法人 社会福祉振興・試験センター 第34回（令和3年度）介護福祉士国家試験; 問題: ユーザー提供PDF; 正答: https://www.mhlw.go.jp/content/12004000/000917101.pdf,,False
111,2022-34-112,2022,34,112,医療的ケア,経管栄養で用いる半固形タイプの栄養剤の 特徴 に関する次の記述のうち，最も適切なものを 1 つ選びなさい。,経鼻経管栄養法に適している。,液状 タイプと同じ粘稠度である。,食道 への 逆流 を改善することが期待できる。,仰臥位（背臥位）で 注入 する。,注入時間は， 液状 タイプより長い。,3,正解は3です。半固形タイプは胃内で流動しにくく、胃食道逆流の軽減が期待できます。通常は胃ろうなどで用いられます。,公益財団法人 社会福祉振興・試験センター 第34回（令和3年度）介護福祉士国家試験; 問題: ユーザー提供PDF; 正答: https://www.mhlw.go.jp/content/12004000/000917101.pdf,,False
112,2022-34-113,2022,34,113,医療的ケア,経管栄養で，栄養剤の注入後に白湯を経管栄養チューブに 注入 する理由として， 最も適切なものを 1 つ選びなさい。,チューブ内を 消毒 する。,チューブ内の栄養剤を洗い流す。回，訪問介護（ホームヘルプサービス）を利用することになり，介護支援専門員（ケアマネジャー）は，「自宅で，衛生的な生活ができる」をケアプランの長期目標とした。,水分を補給する。,胃内を 温める。,栄養剤の濃度を 調節 する。23＜,2,正解は2です。栄養剤注入後に白湯を流すのは、チューブ内に残った栄養剤を洗い流して閉塞を予防するためです。,公益財団法人 社会福祉振興・試験センター 第34回（令和3年度）介護福祉士国家試験; 問題: ユーザー提供PDF; 正答: https://www.mhlw.go.jp/content/12004000/000917101.pdf,,False
113,2022-34-114,2022,34,114,総合問題,"次の事例を読んで，問題 114 から問題 116 までについて答えなさい。〔事例〕Ｃさん（83 歳，女性）は，一人暮らしで，近所に買い物に行く以外はテレビを見過ごしている。近県に息子がいるが，仕事が 忙しく，会いに来かった。ある日，息子が久しぶりに訪問すると，部屋の中がごみや衣類などで散た。病院を受診するとＣさんはアルツハイマー型認知症（dementia of the Alzheimerʼstype）と診断され，要介護 1 と認定された。Ｃさんは，時々，電気湯沸しポットの使い方がわからなくなって湯が出り，お茶を入れる 順番 がわからずに混乱する様子が見られた。心配した息子は，介護保険サービスを利用することにした。後日，介護支援専門員（ケアマネジャー）が訪問し，介護保険サービスの利用についてＣさんや息子と話合った。週2 回，訪問介護（ホームヘルプサービス）を利用することになり，介護支援専門員（ケアマネジャー）は，「自宅で，衛生的な生活ができる」をケアプランの長期目標とした。総合問題24
Ｃさんを担当する訪問介護員（ホームヘルパー）は，サービス提供責任者と共に訪問介護計画書を作成することになった。次の記述の中で，短期目標として， 最も適切なものを 1 つ選びなさい。",掃除機を利用して， 1人で掃除をすることができるようになる。,電気湯沸しポットを使い， 1人でお茶を入れることができるようになる。回，息子にＣさんの自宅を訪問してもらう。,Ｃさんの残存機能に着目して支援する。,週2回，息子にＣさんの自宅を訪問してもらう。,訪問介護員（ホームヘルパー）と一緒に掃除をすることができるようになる。,5,正解は5です。長期目標『自宅で衛生的な生活ができる』につながり、本人の能力を活用しながら訪問介護員と一緒に掃除するという具体的・達成可能な短期目標です。 ※制度・基準・統計は改正や更新があり得るため、受験時点の最新情報も確認してください。,公益財団法人 社会福祉振興・試験センター 第34回（令和3年度）介護福祉士国家試験; 問題: ユーザー提供PDF; 正答: https://www.mhlw.go.jp/content/12004000/000917101.pdf,,True
114,2022-34-115,2022,34,115,総合問題,"次の事例を読んで，問題 114 から問題 116 までについて答えなさい。〔事例〕Ｃさん（83 歳，女性）は，一人暮らしで，近所に買い物に行く以外はテレビを見過ごしている。近県に息子がいるが，仕事が 忙しく，会いに来かった。ある日，息子が久しぶりに訪問すると，部屋の中がごみや衣類などで散た。病院を受診するとＣさんはアルツハイマー型認知症（dementia of the Alzheimerʼstype）と診断され，要介護 1 と認定された。Ｃさんは，時々，電気湯沸しポットの使い方がわからなくなって湯が出り，お茶を入れる 順番 がわからずに混乱する様子が見られた。心配した息子は，介護保険サービスを利用することにした。後日，介護支援専門員（ケアマネジャー）が訪問し，介護保険サービスの利用についてＣさんや息子と話合った。週2 回，訪問介護（ホームヘルプサービス）を利用することになり，介護支援専門員（ケアマネジャー）は，「自宅で，衛生的な生活ができる」をケアプランの長期目標とした。総合問題24
Ｃさんは，たびたび息子に電気湯沸しポットが壊れていると 訴になった。Ｃさんのこのような 状態 に該当するものとして，適切なものを 1 つ選びなさい。",空間認知障害,視覚認知障害,遂行機能障害,失認,観念運動失行,3,正解は3です。手順が分からず、複数の動作を計画して順序よく実行できない状態は遂行機能障害に当たります。 ※制度・基準・統計は改正や更新があり得るため、受験時点の最新情報も確認してください。,公益財団法人 社会福祉振興・試験センター 第34回（令和3年度）介護福祉士国家試験; 問題: ユーザー提供PDF; 正答: https://www.mhlw.go.jp/content/12004000/000917101.pdf,,True
115,2022-34-116,2022,34,116,総合問題,"次の事例を読んで，問題 114 から問題 116 までについて答えなさい。〔事例〕Ｃさん（83 歳，女性）は，一人暮らしで，近所に買い物に行く以外はテレビを見過ごしている。近県に息子がいるが，仕事が 忙しく，会いに来かった。ある日，息子が久しぶりに訪問すると，部屋の中がごみや衣類などで散た。病院を受診するとＣさんはアルツハイマー型認知症（dementia of the Alzheimerʼstype）と診断され，要介護 1 と認定された。Ｃさんは，時々，電気湯沸しポットの使い方がわからなくなって湯が出り，お茶を入れる 順番 がわからずに混乱する様子が見られた。心配した息子は，介護保険サービスを利用することにした。後日，介護支援専門員（ケアマネジャー）が訪問し，介護保険サービスの利用についてＣさんや息子と話合った。週2 回，訪問介護（ホームヘルプサービス）を利用することになり，介護支援専門員（ケアマネジャー）は，「自宅で，衛生的な生活ができる」をケアプランの長期目標とした。総合問題24
Ｃさんの家に訪問介護員（ホームヘルパー）が通い始めて数か月が経過した頃，Ｃさんの息子から訪問介護員（ホームヘルパー）に以下の希望が挙げられた。介護保険で対応可能な支援として，適切なものを 1 つ選びなさい。",Ｃさんと息子が出かけている 間に洗濯物を取り込む。,Ｃさんの処方薬を 薬局 で受け取る。,地域のお祭りにＣさんと一緒に行く。,Ｃさんの部屋の壁紙を張り替える。,訪ねて来た親戚にお茶を入れる。26（,2,正解は2です。本人の日常生活に必要な薬の受け取りは、訪問介護の生活援助として対応可能な場合があります。本人不在中の家事や来客対応などは原則として対象外です。 ※制度・基準・統計は改正や更新があり得るため、受験時点の最新情報も確認してください。,公益財団法人 社会福祉振興・試験センター 第34回（令和3年度）介護福祉士国家試験; 問題: ユーザー提供PDF; 正答: https://www.mhlw.go.jp/content/12004000/000917101.pdf,,True
116,2022-34-117,2022,34,117,総合問題,"次の事例を読んで，問題 117 から問題 119 までについて答えなさい。〔事例〕Ｄさん（70 歳，男性）は，19 歳のときに統合失調症（schizophrenia）を 発症 し，入退院を繰り返しながら両親 と一緒に生活してきた。 両親 が亡きっかけとして不安に襲われ，妄想や 幻聴の症状 が強く 現れるようになった。そのため，兄に付き添われて精神科病院を受診し，医療保護入院となった。現在は， 入院 から 3 年が経過し， 陽性 症 状 はほとんどなく， 病棟で日中 はレクリエーションに参加するなど落ち着いて生活している。
Ｄさんが 3 年前に 入院 した医療保護入院の制度に関する次の記述のうち，正しいものを 1 つ選びなさい。",Ｄさんの同意による 入院,精神保健指定医 2 名以上の診察の結果が， 入院 させなければ自傷他害の恐あると一致した場合の 入院,精神保健指定医 1 名が診察し， 入院 させなければ自傷他害の恐れがあると判断した場合，72 時間以内に制限した 入院,精神保健指定医 1 名が診察し，Ｄさんの同意が得られず，家族等 1 名の同意がある 入院,精神保健指定医 1 名が診察し，Ｄさんの同意が得られず，さらに家族等の同意が得られないため 72 時間以内に制限した 入院,4,正解は4です。医療保護入院は、本人の同意が得られない場合に、精神保健指定医の診察と家族等の同意など法定要件に基づいて行われる入院です。 ※制度・基準・統計は改正や更新があり得るため、受験時点の最新情報も確認してください。,公益財団法人 社会福祉振興・試験センター 第34回（令和3年度）介護福祉士国家試験; 問題: ユーザー提供PDF; 正答: https://www.mhlw.go.jp/content/12004000/000917101.pdf,,True
117,2022-34-118,2022,34,118,総合問題,"次の事例を読んで，問題 117 から問題 119 までについて答えなさい。〔事例〕Ｄさん（70 歳，男性）は，19 歳のときに統合失調症（schizophrenia）を 発症 し，入退院を繰り返しながら両親 と一緒に生活してきた。 両親 が亡きっかけとして不安に襲われ，妄想や 幻聴の症状 が強く 現れるようになった。そのため，兄に付き添われて精神科病院を受診し，医療保護入院となった。現在は， 入院 から 3 年が経過し， 陽性 症 状 はほとんどなく， 病棟で日中 はレクリエーションに参加するなど落ち着いて生活している。
1年前からＤさんの退院について検討が 行われてきた。Ｄさんは退院後の生活に対する不安があり，「帰る家がない」，「顔見知りの患者や 職員 がいるのでここを離れたくない」と退院には 消極 的 であった。しかし，Ｄさんと仲のよい患者が，退院し施設入所したことをきっかけに退院を 考えるようになった。Ｄさんは，整容，入浴，排泄，食事，移動は見守りがあればできる。また，介護福祉職の助言を受ければ，日用品などを買うことはできる。 経済 状 況 は， 障害基礎年金 2 級と生活保護を 受給 している。要介護認定を受けたところ，要介護 1と認定された。Ｄさんの退院先の候補になる施設として， 最も適切なものを 1 つ選びなさい。",養護老人ホーム,老人福祉センター,更生施設,地域生活定着支援センター,介護老人福祉施設,1,正解は1です。養護老人ホームは、環境上・経済上の理由で居宅生活が困難な高齢者の入所先となり得ます。要介護1だから直ちに介護老人福祉施設の対象になるわけではありません。 ※制度・基準・統計は改正や更新があり得るため、受験時点の最新情報も確認してください。,公益財団法人 社会福祉振興・試験センター 第34回（令和3年度）介護福祉士国家試験; 問題: ユーザー提供PDF; 正答: https://www.mhlw.go.jp/content/12004000/000917101.pdf,,True
118,2022-34-119,2022,34,119,総合問題,"次の事例を読んで，問題 117 から問題 119 までについて答えなさい。〔事例〕Ｄさん（70 歳，男性）は，19 歳のときに統合失調症（schizophrenia）を 発症 し，入退院を繰り返しながら両親 と一緒に生活してきた。 両親 が亡きっかけとして不安に襲われ，妄想や 幻聴の症状 が強く 現れるようになった。そのため，兄に付き添われて精神科病院を受診し，医療保護入院となった。現在は， 入院 から 3 年が経過し， 陽性 症 状 はほとんどなく， 病棟で日中 はレクリエーションに参加するなど落ち着いて生活している。
Ｄさんは施設への入所が決まり，うれしそうに退院の準備をするようになった。ある夜， 1人で荷物の整理をしていたときに転んでしまい，顔を強打して大きなあざができた。後遺症はないことがわかったが，Ｄさんは自信をなくし，介護福祉職に，「これでは施設も自分を受け入れてくれないだろう」と言い，「施設入所がうれしくて早く準備がしたかった」と話した。そばに寄り添い，Ｄさんの 話を聴き終えた介護福祉職が，「施設入所がうれしくて，早く準備をしたかったのですね」と言うと，Ｄさんは，「退院を 諦ど，自分にも暮らせる場所があると思った」とやりたいことや夢を語り出した。介護福祉職が 行ったコミュニケーション技術として， 最も適切なものを 1 つ選びなさい。",あいづち,言い換,要約,繰り返,閉じられた質問29（,4,正解は4です。相手が述べた『施設入所がうれしくて、早く準備をしたかった』という言葉をそのまま返しており、コミュニケーション技法の『繰り返し』です。,公益財団法人 社会福祉振興・試験センター 第34回（令和3年度）介護福祉士国家試験; 問題: ユーザー提供PDF; 正答: https://www.mhlw.go.jp/content/12004000/000917101.pdf,,False
119,2022-34-120,2022,34,120,総合問題,"次の事例を読んで，問題 120 から問題 122 までについて答えなさい。〔事例〕Ｅ さ ん（35 歳， 男性）は， 1 年前に筋萎縮性側索硬化症（amyotrophic lateralsclerosis：ＡＬＳ）と診断された。当初の 症状 としては，ろれつが回らず，食べ物の飲み込みが悪くなり， 体重の減少 がみられた。その後，Ｅさんの 症状 は進行し，同居している両親から介護を受けて生活をしていたが， 両親の介護負担が大きくなったため，障害福祉サービスを利用することになった。障害支援区分の認定を受けたところ，障害支援区分 3 になった。Ｅさんは訪問介護員（ホームヘルパー）から食事や 入浴 の介護を受けて自宅で生活をしている。
Ｅさんが病院を受診するきっかけになった 症状 に該当するものとして，最も適切なものを 1 つ選びなさい。",対麻痺,単麻痺,球麻痺,安静時振戦,間欠性跛行,3,正解は3です。ろれつが回らない、飲み込みにくいといった構音・嚥下障害は、ALSでみられる球麻痺の症状です。,公益財団法人 社会福祉振興・試験センター 第34回（令和3年度）介護福祉士国家試験; 問題: ユーザー提供PDF; 正答: https://www.mhlw.go.jp/content/12004000/000917101.pdf,,False
120,2022-34-121,2022,34,121,総合問題,"次の事例を読んで，問題 120 から問題 122 までについて答えなさい。〔事例〕Ｅ さ ん（35 歳， 男性）は， 1 年前に筋萎縮性側索硬化症（amyotrophic lateralsclerosis：ＡＬＳ）と診断された。当初の 症状 としては，ろれつが回らず，食べ物の飲み込みが悪くなり， 体重の減少 がみられた。その後，Ｅさんの 症状 は進行し，同居している両親から介護を受けて生活をしていたが， 両親の介護負担が大きくなったため，障害福祉サービスを利用することになった。障害支援区分の認定を受けたところ，障害支援区分 3 になった。Ｅさんは訪問介護員（ホームヘルパー）から食事や 入浴 の介護を受けて自宅で生活をしている。
ある日，Ｅさんの自宅を訪問した訪問介護員（ホームヘルパー）は，Ｅさんの 両親 から，「これまでＥは 話をするのが 難しく，筆談で意思を聞いてきたが，ペンを持つのが 難しくなってきた」と聞いた。確かにＥさんは，発話や字を書とは困難な様子だが，目はよく動いている。次のうち，今後，Ｅさんが家族とコミュニケーションをとるときに使きる道具として， 最も適切なものを 1 つ選びなさい。",ホワイトボード,絵や写真,透明文字盤,拡声器,補聴器,3,正解は3です。透明文字盤は、発話や筆記が難しくても眼球運動が保たれている人が、視線で文字を選んで意思表示するために利用できます。,公益財団法人 社会福祉振興・試験センター 第34回（令和3年度）介護福祉士国家試験; 問題: ユーザー提供PDF; 正答: https://www.mhlw.go.jp/content/12004000/000917101.pdf,,False
121,2022-34-122,2022,34,122,総合問題,"次の事例を読んで，問題 120 から問題 122 までについて答えなさい。〔事例〕Ｅ さ ん（35 歳， 男性）は， 1 年前に筋萎縮性側索硬化症（amyotrophic lateralsclerosis：ＡＬＳ）と診断された。当初の 症状 としては，ろれつが回らず，食べ物の飲み込みが悪くなり， 体重の減少 がみられた。その後，Ｅさんの 症状 は進行し，同居している両親から介護を受けて生活をしていたが， 両親の介護負担が大きくなったため，障害福祉サービスを利用することになった。障害支援区分の認定を受けたところ，障害支援区分 3 になった。Ｅさんは訪問介護員（ホームヘルパー）から食事や 入浴 の介護を受けて自宅で生活をしている。
3年後，Ｅさんの 症状 はさらに進行し，障害支援区分 6 になった。Ｅさんはこれまでどおり，自宅での生活を希望し，Ｅさんの 両親 は障害福祉サービスを利用しながら最期まで自宅でＥさんの介護を 行うことを希望している。Ｅさんと 両親 の希望の実現に向けて，現在の 状態 からＥさんが利用するサービスとして， 最も適切なものを 1 つ選びなさい。",育成医療,就労定着支援,共同生活援助（グループホーム）,行動援護,重度訪問介護31（,5,正解は5です。重度訪問介護は、重度の肢体不自由などで常時介護が必要な人に、居宅介護や外出時支援などを包括的に提供し、在宅生活を支えます。,公益財団法人 社会福祉振興・試験センター 第34回（令和3年度）介護福祉士国家試験; 問題: ユーザー提供PDF; 正答: https://www.mhlw.go.jp/content/12004000/000917101.pdf,,False
122,2022-34-123,2022,34,123,総合問題,"次の事例を読んで，問題 123 から問題 125 までについて答えなさい。〔事例〕Ｆさん（50 歳，女性，障害支援区分 5）は，アテトーゼ型（athetosis）の脳性麻痺（cerebral palsy）による四肢・体幹機能障害がある。居宅介護を利用し， 入浴 の支援を受けながら母親（79 歳）と暮らしていた。Ｆさんは障害基礎年金 1 級を 受給 していて，Ｆさん名義の貯蓄がある。金銭管理は母親が 行っていた。Ｆさんは， 3 年前に誤嚥性肺炎（aspiration pneumonia）で 入院 したことがある。言語障害があり，慣れた人でないと言葉が聞き取りにくい。自宅では 車いすに乗り，足で床を蹴って移動し，屋外は母親が 車いすを押していた。Ｆさんは自宅内の移動以外の日常生活については，母親から全面的に介護を受けて生活していた。最近，日中活動の場と短期入所（ショートステイ）の利用について，市の障害福祉課に相談するようになった。ところが，母親が持病の心疾患（heart disease）で亡くなり，市の障害福祉課がＦさんと当面の生活について検討することになった。Ｆさんは 1人で生活することは 難しいと思い，施設入所を希望している。
Ｆさんの脳性麻痺（cerebral palsy）の 特徴 に関する次の記述のうち， 最も適切なものを 1 つ選びなさい。",強い筋緊張から，四肢の突っ張りが強い。,不随意運動が 生じて，運動コントロールが困難になる。,文字の読みの不正確さがあり，読んだ内容を理解しにくい。,動作は緩慢で， 表情 が乏しくなる。,着衣失行が 生じる。,2,正解は2です。アテトーゼ型脳性麻痺では、意思と無関係な不随意運動が生じ、姿勢や随意運動のコントロールが難しくなることが特徴です。 ※制度・基準・統計は改正や更新があり得るため、受験時点の最新情報も確認してください。,公益財団法人 社会福祉振興・試験センター 第34回（令和3年度）介護福祉士国家試験; 問題: ユーザー提供PDF; 正答: https://www.mhlw.go.jp/content/12004000/000917101.pdf,,True
123,2022-34-124,2022,34,124,総合問題,"次の事例を読んで，問題 123 から問題 125 までについて答えなさい。〔事例〕Ｆさん（50 歳，女性，障害支援区分 5）は，アテトーゼ型（athetosis）の脳性麻痺（cerebral palsy）による四肢・体幹機能障害がある。居宅介護を利用し， 入浴 の支援を受けながら母親（79 歳）と暮らしていた。Ｆさんは障害基礎年金 1 級を 受給 していて，Ｆさん名義の貯蓄がある。金銭管理は母親が 行っていた。Ｆさんは， 3 年前に誤嚥性肺炎（aspiration pneumonia）で 入院 したことがある。言語障害があり，慣れた人でないと言葉が聞き取りにくい。自宅では 車いすに乗り，足で床を蹴って移動し，屋外は母親が 車いすを押していた。Ｆさんは自宅内の移動以外の日常生活については，母親から全面的に介護を受けて生活していた。最近，日中活動の場と短期入所（ショートステイ）の利用について，市の障害福祉課に相談するようになった。ところが，母親が持病の心疾患（heart disease）で亡くなり，市の障害福祉課がＦさんと当面の生活について検討することになった。Ｆさんは 1人で生活することは 難しいと思い，施設入所を希望している。
Ｆさんは，障害者支援施設に入所 できることになり，アセスメント（assessment）が 行われた。相談支援専門員は，Ｆさんの希望をもとに，これまでの 生活 状 況 と身体の様子等から，もう少し本人にできることがあるのではないかと 考え，「障害者支援施設で施設入所支援と生活介護を利用しながら， 将来の生活を 考える」という方針を立てた。また，長期目標を，「自分に適した介護を受けながら，様々な生活経験を積む」とした。Ｆさんの短期目標として， 最も適切なものを 1 つ選びなさい。",入浴時に自分でからだを洗えるようになる。,毎日字を書く 練習を行い，筆談で会話ができるようになる。,施設内は， 車いす介助を受けながら安全に移動する。,経管栄養で食事がとれるようになる。,日中活動として 外出 や興味のあるグループ活動に参加する。,5,正解は5です。長期目標が『様々な生活経験を積む』ことなので、外出や興味のあるグループ活動への参加は本人の希望と社会参加を広げる短期目標になります。 ※制度・基準・統計は改正や更新があり得るため、受験時点の最新情報も確認してください。,公益財団法人 社会福祉振興・試験センター 第34回（令和3年度）介護福祉士国家試験; 問題: ユーザー提供PDF; 正答: https://www.mhlw.go.jp/content/12004000/000917101.pdf,,True
124,2022-34-125,2022,34,125,総合問題,"次の事例を読んで，問題 123 から問題 125 までについて答えなさい。〔事例〕Ｆさん（50 歳，女性，障害支援区分 5）は，アテトーゼ型（athetosis）の脳性麻痺（cerebral palsy）による四肢・体幹機能障害がある。居宅介護を利用し， 入浴 の支援を受けながら母親（79 歳）と暮らしていた。Ｆさんは障害基礎年金 1 級を 受給 していて，Ｆさん名義の貯蓄がある。金銭管理は母親が 行っていた。Ｆさんは， 3 年前に誤嚥性肺炎（aspiration pneumonia）で 入院 したことがある。言語障害があり，慣れた人でないと言葉が聞き取りにくい。自宅では 車いすに乗り，足で床を蹴って移動し，屋外は母親が 車いすを押していた。Ｆさんは自宅内の移動以外の日常生活については，母親から全面的に介護を受けて生活していた。最近，日中活動の場と短期入所（ショートステイ）の利用について，市の障害福祉課に相談するようになった。ところが，母親が持病の心疾患（heart disease）で亡くなり，市の障害福祉課がＦさんと当面の生活について検討することになった。Ｆさんは 1人で生活することは 難しいと思い，施設入所を希望している。
入所 してから 3 か月が経ち，支援の見直しが 行われた。Ｆさんは施設生活にも慣れ，相談できる人も増えている。また，「自分でお小遣いを使えるようになりたい」と言い，外出時に必要なお金を介護福祉職と一緒に 考えるようになった。 将来 の地域生活を 考えて，社会福祉協議会の金銭管理に切替えることが検討された。Ｆさんが活用できる社会福祉協議会が 行う金銭管理として， 最も適切なものを1 つ選びなさい。",日常生活自立支援事業,生活福祉資金,自立訓練,生活困窮者家計改善支援事業,自発的活動支援事業,1,正解は1です。日常生活自立支援事業は、判断能力が十分でない人に対し、社会福祉協議会などが福祉サービス利用援助や日常的な金銭管理を支援する制度です。 ※制度・基準・統計は改正や更新があり得るため、受験時点の最新情報も確認してください。,公益財団法人 社会福祉振興・試験センター 第34回（令和3年度）介護福祉士国家試験; 問題: ユーザー提供PDF; 正答: https://www.mhlw.go.jp/content/12004000/000917101.pdf,,True
